time,.header.seq,.header.stamp.secs,.header.stamp.nsecs,.header.frame_id,.poses
1970/01/01/07:21:48.427000,0,1308,427000000,map,"[header: 
  seq: 0
  stamp: 
    secs: 1308
    nsecs: 427000000
  frame_id: "map"
pose: 
  position: 
    x: -0.0499985106289
    y: -0.0499985106289
    z: 0.0
  orientation: 
    x: 0.0
    y: 0.0
    z: 0.0
    w: 1.0, header: 
  seq: 0
  stamp: 
    secs: 1308
    nsecs: 427000000
  frame_id: "map"
pose: 
  position: 
    x: -0.0963364019444
    y: -0.0554245361004
    z: 0.0
  orientation: 
    x: 0.0
    y: 0.0
    z: 0.0
    w: 1.0, header: 
  seq: 0
  stamp: 
    secs: 1308
    nsecs: 427000000
  frame_id: "map"
pose: 
  position: 
    x: -0.121214332003
    y: -0.0579025634811
    z: 0.0
  orientation: 
    x: 0.0
    y: 0.0
    z: 0.0
    w: 1.0, header: 
  seq: 0
  stamp: 
    secs: 1308
    nsecs: 427000000
  frame_id: "map"
pose: 
  position: 
    x: -0.143162574517
    y: -0.0459335691621
    z: 0.0
  orientation: 
    x: 0.0
    y: 0.0
    z: 0.0
    w: 1.0, header: 
  seq: 0
  stamp: 
    secs: 1308
    nsecs: 427000000
  frame_id: "map"
pose: 
  position: 
    x: -0.165281715472
    y: -0.0342880611761
    z: 0.0
  orientation: 
    x: 0.0
    y: 0.0
    z: 0.0
    w: 1.0, header: 
  seq: 0
  stamp: 
    secs: 1308
    nsecs: 427000000
  frame_id: "map"
pose: 
  position: 
    x: -0.187492409162
    y: -0.0228012445987
    z: 0.0
  orientation: 
    x: 0.0
    y: 0.0
    z: 0.0
    w: 1.0, header: 
  seq: 0
  stamp: 
    secs: 1308
    nsecs: 427000000
  frame_id: "map"
pose: 
  position: 
    x: -0.209745827462
    y: -0.0114181877884
    z: 0.0
  orientation: 
    x: 0.0
    y: 0.0
    z: 0.0
    w: 1.0, header: 
  seq: 0
  stamp: 
    secs: 1308
    nsecs: 427000000
  frame_id: "map"
pose: 
  position: 
    x: -0.2315475856
    y: 0.000819361222057
    z: 0.0
  orientation: 
    x: 0.0
    y: 0.0
    z: 0.0
    w: 1.0, header: 
  seq: 0
  stamp: 
    secs: 1308
    nsecs: 427000000
  frame_id: "map"
pose: 
  position: 
    x: -0.253422585926
    y: 0.0129165293711
    z: 0.0
  orientation: 
    x: 0.0
    y: 0.0
    z: 0.0
    w: 1.0, header: 
  seq: 0
  stamp: 
    secs: 1308
    nsecs: 427000000
  frame_id: "map"
pose: 
  position: 
    x: -0.275322000315
    y: 0.0249770764258
    z: 0.0
  orientation: 
    x: 0.0
    y: 0.0
    z: 0.0
    w: 1.0, header: 
  seq: 0
  stamp: 
    secs: 1308
    nsecs: 427000000
  frame_id: "map"
pose: 
  position: 
    x: -0.297258035798
    y: 0.0369704848076
    z: 0.0
  orientation: 
    x: 0.0
    y: 0.0
    z: 0.0
    w: 1.0, header: 
  seq: 0
  stamp: 
    secs: 1308
    nsecs: 427000000
  frame_id: "map"
pose: 
  position: 
    x: -0.319181864249
    y: 0.0489822037366
    z: 0.0
  orientation: 
    x: 0.0
    y: 0.0
    z: 0.0
    w: 1.0, header: 
  seq: 0
  stamp: 
    secs: 1308
    nsecs: 427000000
  frame_id: "map"
pose: 
  position: 
    x: -0.340934794261
    y: 0.0613052019671
    z: 0.0
  orientation: 
    x: 0.0
    y: 0.0
    z: 0.0
    w: 1.0, header: 
  seq: 0
  stamp: 
    secs: 1308
    nsecs: 427000000
  frame_id: "map"
pose: 
  position: 
    x: -0.36270603482
    y: 0.073597682619
    z: 0.0
  orientation: 
    x: 0.0
    y: 0.0
    z: 0.0
    w: 1.0, header: 
  seq: 0
  stamp: 
    secs: 1308
    nsecs: 427000000
  frame_id: "map"
pose: 
  position: 
    x: -0.38448948241
    y: 0.0858657492081
    z: 0.0
  orientation: 
    x: 0.0
    y: 0.0
    z: 0.0
    w: 1.0, header: 
  seq: 0
  stamp: 
    secs: 1308
    nsecs: 427000000
  frame_id: "map"
pose: 
  position: 
    x: -0.406303447579
    y: 0.09807278064
    z: 0.0
  orientation: 
    x: 0.0
    y: 0.0
    z: 0.0
    w: 1.0, header: 
  seq: 0
  stamp: 
    secs: 1308
    nsecs: 427000000
  frame_id: "map"
pose: 
  position: 
    x: -0.428050274075
    y: 0.110407985902
    z: 0.0
  orientation: 
    x: 0.0
    y: 0.0
    z: 0.0
    w: 1.0, header: 
  seq: 0
  stamp: 
    secs: 1308
    nsecs: 427000000
  frame_id: "map"
pose: 
  position: 
    x: -0.449864239244
    y: 0.12262112085
    z: 0.0
  orientation: 
    x: 0.0
    y: 0.0
    z: 0.0
    w: 1.0, header: 
  seq: 0
  stamp: 
    secs: 1308
    nsecs: 427000000
  frame_id: "map"
pose: 
  position: 
    x: -0.471934552073
    y: 0.134364285087
    z: 0.0
  orientation: 
    x: 0.0
    y: 0.0
    z: 0.0
    w: 1.0, header: 
  seq: 0
  stamp: 
    secs: 1308
    nsecs: 427000000
  frame_id: "map"
pose: 
  position: 
    x: -0.494200177404
    y: 0.14572903135
    z: 0.0
  orientation: 
    x: 0.0
    y: 0.0
    z: 0.0
    w: 1.0, header: 
  seq: 0
  stamp: 
    secs: 1308
    nsecs: 427000000
  frame_id: "map"
pose: 
  position: 
    x: -0.516264386717
    y: 0.157484402619
    z: 0.0
  orientation: 
    x: 0.0
    y: 0.0
    z: 0.0
    w: 1.0, header: 
  seq: 0
  stamp: 
    secs: 1308
    nsecs: 427000000
  frame_id: "map"
pose: 
  position: 
    x: -0.538426252282
    y: 0.169056668416
    z: 0.0
  orientation: 
    x: 0.0
    y: 0.0
    z: 0.0
    w: 1.0, header: 
  seq: 0
  stamp: 
    secs: 1308
    nsecs: 427000000
  frame_id: "map"
pose: 
  position: 
    x: -0.56065525652
    y: 0.180500760384
    z: 0.0
  orientation: 
    x: 0.0
    y: 0.0
    z: 0.0
    w: 1.0, header: 
  seq: 0
  stamp: 
    secs: 1308
    nsecs: 427000000
  frame_id: "map"
pose: 
  position: 
    x: -0.582920881851
    y: 0.191865506647
    z: 0.0
  orientation: 
    x: 0.0
    y: 0.0
    z: 0.0
    w: 1.0, header: 
  seq: 0
  stamp: 
    secs: 1308
    nsecs: 427000000
  frame_id: "map"
pose: 
  position: 
    x: -0.605052229837
    y: 0.203498807602
    z: 0.0
  orientation: 
    x: 0.0
    y: 0.0
    z: 0.0
    w: 1.0, header: 
  seq: 0
  stamp: 
    secs: 1308
    nsecs: 427000000
  frame_id: "map"
pose: 
  position: 
    x: -0.627220198918
    y: 0.215052762852
    z: 0.0
  orientation: 
    x: 0.0
    y: 0.0
    z: 0.0
    w: 1.0, header: 
  seq: 0
  stamp: 
    secs: 1308
    nsecs: 427000000
  frame_id: "map"
pose: 
  position: 
    x: -0.649424789092
    y: 0.226533475914
    z: 0.0
  orientation: 
    x: 0.0
    y: 0.0
    z: 0.0
    w: 1.0, header: 
  seq: 0
  stamp: 
    secs: 1308
    nsecs: 427000000
  frame_id: "map"
pose: 
  position: 
    x: -0.67165379333
    y: 0.237983671397
    z: 0.0
  orientation: 
    x: 0.0
    y: 0.0
    z: 0.0
    w: 1.0, header: 
  seq: 0
  stamp: 
    secs: 1308
    nsecs: 427000000
  frame_id: "map"
pose: 
  position: 
    x: -0.693895004599
    y: 0.249397245786
    z: 0.0
  orientation: 
    x: 0.0
    y: 0.0
    z: 0.0
    w: 1.0, header: 
  seq: 0
  stamp: 
    secs: 1308
    nsecs: 427000000
  frame_id: "map"
pose: 
  position: 
    x: -0.716044663132
    y: 0.260981718614
    z: 0.0
  orientation: 
    x: 0.0
    y: 0.0
    z: 0.0
    w: 1.0, header: 
  seq: 0
  stamp: 
    secs: 1308
    nsecs: 427000000
  frame_id: "map"
pose: 
  position: 
    x: -0.738218735728
    y: 0.272529570349
    z: 0.0
  orientation: 
    x: 0.0
    y: 0.0
    z: 0.0
    w: 1.0, header: 
  seq: 0
  stamp: 
    secs: 1308
    nsecs: 427000000
  frame_id: "map"
pose: 
  position: 
    x: -0.760405015355
    y: 0.284046904505
    z: 0.0
  orientation: 
    x: 0.0
    y: 0.0
    z: 0.0
    w: 1.0, header: 
  seq: 0
  stamp: 
    secs: 1308
    nsecs: 427000000
  frame_id: "map"
pose: 
  position: 
    x: -0.782603502014
    y: 0.295558135145
    z: 0.0
  orientation: 
    x: 0.0
    y: 0.0
    z: 0.0
    w: 1.0, header: 
  seq: 0
  stamp: 
    secs: 1308
    nsecs: 427000000
  frame_id: "map"
pose: 
  position: 
    x: -0.80473485
    y: 0.307185332584
    z: 0.0
  orientation: 
    x: 0.0
    y: 0.0
    z: 0.0
    w: 1.0, header: 
  seq: 0
  stamp: 
    secs: 1308
    nsecs: 427000000
  frame_id: "map"
pose: 
  position: 
    x: -0.826878405018
    y: 0.31878811596
    z: 0.0
  orientation: 
    x: 0.0
    y: 0.0
    z: 0.0
    w: 1.0, header: 
  seq: 0
  stamp: 
    secs: 1308
    nsecs: 427000000
  frame_id: "map"
pose: 
  position: 
    x: -0.849034167067
    y: 0.330366485273
    z: 0.0
  orientation: 
    x: 0.0
    y: 0.0
    z: 0.0
    w: 1.0, header: 
  seq: 0
  stamp: 
    secs: 1308
    nsecs: 427000000
  frame_id: "map"
pose: 
  position: 
    x: -0.871189929116
    y: 0.341944854586
    z: 0.0
  orientation: 
    x: 0.0
    y: 0.0
    z: 0.0
    w: 1.0, header: 
  seq: 0
  stamp: 
    secs: 1308
    nsecs: 427000000
  frame_id: "map"
pose: 
  position: 
    x: -0.893302966555
    y: 0.353614776635
    z: 0.0
  orientation: 
    x: 0.0
    y: 0.0
    z: 0.0
    w: 1.0, header: 
  seq: 0
  stamp: 
    secs: 1308
    nsecs: 427000000
  frame_id: "map"
pose: 
  position: 
    x: -0.915416003993
    y: 0.365272491653
    z: 0.0
  orientation: 
    x: 0.0
    y: 0.0
    z: 0.0
    w: 1.0, header: 
  seq: 0
  stamp: 
    secs: 1308
    nsecs: 427000000
  frame_id: "map"
pose: 
  position: 
    x: -0.937541248464
    y: 0.376911896123
    z: 0.0
  orientation: 
    x: 0.0
    y: 0.0
    z: 0.0
    w: 1.0, header: 
  seq: 0
  stamp: 
    secs: 1308
    nsecs: 427000000
  frame_id: "map"
pose: 
  position: 
    x: -0.95967259645
    y: 0.388539093562
    z: 0.0
  orientation: 
    x: 0.0
    y: 0.0
    z: 0.0
    w: 1.0, header: 
  seq: 0
  stamp: 
    secs: 1308
    nsecs: 427000000
  frame_id: "map"
pose: 
  position: 
    x: -0.981761219826
    y: 0.400245636705
    z: 0.0
  orientation: 
    x: 0.0
    y: 0.0
    z: 0.0
    w: 1.0, header: 
  seq: 0
  stamp: 
    secs: 1308
    nsecs: 427000000
  frame_id: "map"
pose: 
  position: 
    x: -1.00386815375
    y: 0.41192166227
    z: 0.0
  orientation: 
    x: 0.0
    y: 0.0
    z: 0.0
    w: 1.0, header: 
  seq: 0
  stamp: 
    secs: 1308
    nsecs: 427000000
  frame_id: "map"
pose: 
  position: 
    x: -1.02599339822
    y: 0.42356106674
    z: 0.0
  orientation: 
    x: 0.0
    y: 0.0
    z: 0.0
    w: 1.0, header: 
  seq: 0
  stamp: 
    secs: 1308
    nsecs: 427000000
  frame_id: "map"
pose: 
  position: 
    x: -1.04814305675
    y: 0.4351577466
    z: 0.0
  orientation: 
    x: 0.0
    y: 0.0
    z: 0.0
    w: 1.0, header: 
  seq: 0
  stamp: 
    secs: 1308
    nsecs: 427000000
  frame_id: "map"
pose: 
  position: 
    x: -1.07031102583
    y: 0.446711701851
    z: 0.0
  orientation: 
    x: 0.0
    y: 0.0
    z: 0.0
    w: 1.0, header: 
  seq: 0
  stamp: 
    secs: 1308
    nsecs: 427000000
  frame_id: "map"
pose: 
  position: 
    x: -1.09244237382
    y: 0.458345002805
    z: 0.0
  orientation: 
    x: 0.0
    y: 0.0
    z: 0.0
    w: 1.0, header: 
  seq: 0
  stamp: 
    secs: 1308
    nsecs: 427000000
  frame_id: "map"
pose: 
  position: 
    x: -1.11461644641
    y: 0.46989285454
    z: 0.0
  orientation: 
    x: 0.0
    y: 0.0
    z: 0.0
    w: 1.0, header: 
  seq: 0
  stamp: 
    secs: 1308
    nsecs: 427000000
  frame_id: "map"
pose: 
  position: 
    x: -1.13683934714
    y: 0.481336946507
    z: 0.0
  orientation: 
    x: 0.0
    y: 0.0
    z: 0.0
    w: 1.0, header: 
  seq: 0
  stamp: 
    secs: 1308
    nsecs: 427000000
  frame_id: "map"
pose: 
  position: 
    x: -1.15918431817
    y: 0.492549104878
    z: 0.0
  orientation: 
    x: 0.0
    y: 0.0
    z: 0.0
    w: 1.0, header: 
  seq: 0
  stamp: 
    secs: 1308
    nsecs: 427000000
  frame_id: "map"
pose: 
  position: 
    x: -1.18151097866
    y: 0.503791780826
    z: 0.0
  orientation: 
    x: 0.0
    y: 0.0
    z: 0.0
    w: 1.0, header: 
  seq: 0
  stamp: 
    secs: 1308
    nsecs: 427000000
  frame_id: "map"
pose: 
  position: 
    x: -1.20394139892
    y: 0.514833040756
    z: 0.0
  orientation: 
    x: 0.0
    y: 0.0
    z: 0.0
    w: 1.0, header: 
  seq: 0
  stamp: 
    secs: 1308
    nsecs: 427000000
  frame_id: "map"
pose: 
  position: 
    x: -1.22646337191
    y: 0.525697298731
    z: 0.0
  orientation: 
    x: 0.0
    y: 0.0
    z: 0.0
    w: 1.0, header: 
  seq: 0
  stamp: 
    secs: 1308
    nsecs: 427000000
  frame_id: "map"
pose: 
  position: 
    x: -1.24904638006
    y: 0.536408968812
    z: 0.0
  orientation: 
    x: 0.0
    y: 0.0
    z: 0.0
    w: 1.0, header: 
  seq: 0
  stamp: 
    secs: 1308
    nsecs: 427000000
  frame_id: "map"
pose: 
  position: 
    x: -1.27168431985
    y: 0.547016879127
    z: 0.0
  orientation: 
    x: 0.0
    y: 0.0
    z: 0.0
    w: 1.0, header: 
  seq: 0
  stamp: 
    secs: 1308
    nsecs: 427000000
  frame_id: "map"
pose: 
  position: 
    x: -1.29421849987
    y: 0.557844516007
    z: 0.0
  orientation: 
    x: 0.0
    y: 0.0
    z: 0.0
    w: 1.0, header: 
  seq: 0
  stamp: 
    secs: 1308
    nsecs: 427000000
  frame_id: "map"
pose: 
  position: 
    x: -1.31679540451
    y: 0.568580600151
    z: 0.0
  orientation: 
    x: 0.0
    y: 0.0
    z: 0.0
    w: 1.0, header: 
  seq: 0
  stamp: 
    secs: 1308
    nsecs: 427000000
  frame_id: "map"
pose: 
  position: 
    x: -1.33941503375
    y: 0.579231235075
    z: 0.0
  orientation: 
    x: 0.0
    y: 0.0
    z: 0.0
    w: 1.0, header: 
  seq: 0
  stamp: 
    secs: 1308
    nsecs: 427000000
  frame_id: "map"
pose: 
  position: 
    x: -1.36205907706
    y: 0.589826938358
    z: 0.0
  orientation: 
    x: 0.0
    y: 0.0
    z: 0.0
    w: 1.0, header: 
  seq: 0
  stamp: 
    secs: 1308
    nsecs: 427000000
  frame_id: "map"
pose: 
  position: 
    x: -1.38461767114
    y: 0.600599643597
    z: 0.0
  orientation: 
    x: 0.0
    y: 0.0
    z: 0.0
    w: 1.0, header: 
  seq: 0
  stamp: 
    secs: 1308
    nsecs: 427000000
  frame_id: "map"
pose: 
  position: 
    x: -1.40720678281
    y: 0.611305210163
    z: 0.0
  orientation: 
    x: 0.0
    y: 0.0
    z: 0.0
    w: 1.0, header: 
  seq: 0
  stamp: 
    secs: 1308
    nsecs: 427000000
  frame_id: "map"
pose: 
  position: 
    x: -1.42982641205
    y: 0.621961948603
    z: 0.0
  orientation: 
    x: 0.0
    y: 0.0
    z: 0.0
    w: 1.0, header: 
  seq: 0
  stamp: 
    secs: 1308
    nsecs: 427000000
  frame_id: "map"
pose: 
  position: 
    x: -1.45245824832
    y: 0.632575962433
    z: 0.0
  orientation: 
    x: 0.0
    y: 0.0
    z: 0.0
    w: 1.0, header: 
  seq: 0
  stamp: 
    secs: 1308
    nsecs: 427000000
  frame_id: "map"
pose: 
  position: 
    x: -1.47510839515
    y: 0.643159458684
    z: 0.0
  orientation: 
    x: 0.0
    y: 0.0
    z: 0.0
    w: 1.0, header: 
  seq: 0
  stamp: 
    secs: 1308
    nsecs: 427000000
  frame_id: "map"
pose: 
  position: 
    x: -1.49769750681
    y: 0.653871128766
    z: 0.0
  orientation: 
    x: 0.0
    y: 0.0
    z: 0.0
    w: 1.0, header: 
  seq: 0
  stamp: 
    secs: 1308
    nsecs: 427000000
  frame_id: "map"
pose: 
  position: 
    x: -1.52030492902
    y: 0.664546177753
    z: 0.0
  orientation: 
    x: 0.0
    y: 0.0
    z: 0.0
    w: 1.0, header: 
  seq: 0
  stamp: 
    secs: 1308
    nsecs: 427000000
  frame_id: "map"
pose: 
  position: 
    x: -1.54292455827
    y: 0.675190709162
    z: 0.0
  orientation: 
    x: 0.0
    y: 0.0
    z: 0.0
    w: 1.0, header: 
  seq: 0
  stamp: 
    secs: 1308
    nsecs: 427000000
  frame_id: "map"
pose: 
  position: 
    x: -1.56555639454
    y: 0.685810826507
    z: 0.0
  orientation: 
    x: 0.0
    y: 0.0
    z: 0.0
    w: 1.0, header: 
  seq: 0
  stamp: 
    secs: 1308
    nsecs: 427000000
  frame_id: "map"
pose: 
  position: 
    x: -1.58819433433
    y: 0.696412633306
    z: 0.0
  orientation: 
    x: 0.0
    y: 0.0
    z: 0.0
    w: 1.0, header: 
  seq: 0
  stamp: 
    secs: 1308
    nsecs: 427000000
  frame_id: "map"
pose: 
  position: 
    x: -1.61079565303
    y: 0.707112096356
    z: 0.0
  orientation: 
    x: 0.0
    y: 0.0
    z: 0.0
    w: 1.0, header: 
  seq: 0
  stamp: 
    secs: 1308
    nsecs: 427000000
  frame_id: "map"
pose: 
  position: 
    x: -1.63339697172
    y: 0.717787145343
    z: 0.0
  orientation: 
    x: 0.0
    y: 0.0
    z: 0.0
    w: 1.0, header: 
  seq: 0
  stamp: 
    secs: 1308
    nsecs: 427000000
  frame_id: "map"
pose: 
  position: 
    x: -1.65601660097
    y: 0.728437780268
    z: 0.0
  orientation: 
    x: 0.0
    y: 0.0
    z: 0.0
    w: 1.0, header: 
  seq: 0
  stamp: 
    secs: 1308
    nsecs: 427000000
  frame_id: "map"
pose: 
  position: 
    x: -1.67863623021
    y: 0.739082311676
    z: 0.0
  orientation: 
    x: 0.0
    y: 0.0
    z: 0.0
    w: 1.0, header: 
  seq: 0
  stamp: 
    secs: 1308
    nsecs: 427000000
  frame_id: "map"
pose: 
  position: 
    x: -1.70126196297
    y: 0.749714636053
    z: 0.0
  orientation: 
    x: 0.0
    y: 0.0
    z: 0.0
    w: 1.0, header: 
  seq: 0
  stamp: 
    secs: 1308
    nsecs: 427000000
  frame_id: "map"
pose: 
  position: 
    x: -1.72385717815
    y: 0.760420202619
    z: 0.0
  orientation: 
    x: 0.0
    y: 0.0
    z: 0.0
    w: 1.0, header: 
  seq: 0
  stamp: 
    secs: 1308
    nsecs: 427000000
  frame_id: "map"
pose: 
  position: 
    x: -1.74645239333
    y: 0.771113562153
    z: 0.0
  orientation: 
    x: 0.0
    y: 0.0
    z: 0.0
    w: 1.0, header: 
  seq: 0
  stamp: 
    secs: 1308
    nsecs: 427000000
  frame_id: "map"
pose: 
  position: 
    x: -1.76905981554
    y: 0.781794714656
    z: 0.0
  orientation: 
    x: 0.0
    y: 0.0
    z: 0.0
    w: 1.0, header: 
  seq: 0
  stamp: 
    secs: 1308
    nsecs: 427000000
  frame_id: "map"
pose: 
  position: 
    x: -1.79166113424
    y: 0.792469763644
    z: 0.0
  orientation: 
    x: 0.0
    y: 0.0
    z: 0.0
    w: 1.0, header: 
  seq: 0
  stamp: 
    secs: 1308
    nsecs: 427000000
  frame_id: "map"
pose: 
  position: 
    x: -1.81426245293
    y: 0.803157019662
    z: 0.0
  orientation: 
    x: 0.0
    y: 0.0
    z: 0.0
    w: 1.0, header: 
  seq: 0
  stamp: 
    secs: 1308
    nsecs: 427000000
  frame_id: "map"
pose: 
  position: 
    x: -1.83690649624
    y: 0.813752722945
    z: 0.0
  orientation: 
    x: 0.0
    y: 0.0
    z: 0.0
    w: 1.0, header: 
  seq: 0
  stamp: 
    secs: 1308
    nsecs: 427000000
  frame_id: "map"
pose: 
  position: 
    x: -1.85967871338
    y: 0.824073768021
    z: 0.0
  orientation: 
    x: 0.0
    y: 0.0
    z: 0.0
    w: 1.0, header: 
  seq: 0
  stamp: 
    secs: 1308
    nsecs: 427000000
  frame_id: "map"
pose: 
  position: 
    x: -1.88266455356
    y: 0.833906531839
    z: 0.0
  orientation: 
    x: 0.0
    y: 0.0
    z: 0.0
    w: 1.0, header: 
  seq: 0
  stamp: 
    secs: 1308
    nsecs: 427000000
  frame_id: "map"
pose: 
  position: 
    x: -1.90579687813
    y: 0.84337918823
    z: 0.0
  orientation: 
    x: 0.0
    y: 0.0
    z: 0.0
    w: 1.0, header: 
  seq: 0
  stamp: 
    secs: 1308
    nsecs: 427000000
  frame_id: "map"
pose: 
  position: 
    x: -1.92876440777
    y: 0.853254676659
    z: 0.0
  orientation: 
    x: 0.0
    y: 0.0
    z: 0.0
    w: 1.0, header: 
  seq: 0
  stamp: 
    secs: 1308
    nsecs: 427000000
  frame_id: "map"
pose: 
  position: 
    x: -1.95181738662
    y: 0.862934852584
    z: 0.0
  orientation: 
    x: 0.0
    y: 0.0
    z: 0.0
    w: 1.0, header: 
  seq: 0
  stamp: 
    secs: 1308
    nsecs: 427000000
  frame_id: "map"
pose: 
  position: 
    x: -1.97493140064
    y: 0.872450233585
    z: 0.0
  orientation: 
    x: 0.0
    y: 0.0
    z: 0.0
    w: 1.0, header: 
  seq: 0
  stamp: 
    secs: 1308
    nsecs: 427000000
  frame_id: "map"
pose: 
  position: 
    x: -1.9981003463
    y: 0.881837440756
    z: 0.0
  orientation: 
    x: 0.0
    y: 0.0
    z: 0.0
    w: 1.0, header: 
  seq: 0
  stamp: 
    secs: 1308
    nsecs: 427000000
  frame_id: "map"
pose: 
  position: 
    x: -2.02131201657
    y: 0.891133095192
    z: 0.0
  orientation: 
    x: 0.0
    y: 0.0
    z: 0.0
    w: 1.0, header: 
  seq: 0
  stamp: 
    secs: 1308
    nsecs: 427000000
  frame_id: "map"
pose: 
  position: 
    x: -2.044395513
    y: 0.900727821897
    z: 0.0
  orientation: 
    x: 0.0
    y: 0.0
    z: 0.0
    w: 1.0, header: 
  seq: 0
  stamp: 
    secs: 1308
    nsecs: 427000000
  frame_id: "map"
pose: 
  position: 
    x: -2.06752173405
    y: 0.910224892351
    z: 0.0
  orientation: 
    x: 0.0
    y: 0.0
    z: 0.0
    w: 1.0, header: 
  seq: 0
  stamp: 
    secs: 1308
    nsecs: 427000000
  frame_id: "map"
pose: 
  position: 
    x: -2.09068457619
    y: 0.919636513585
    z: 0.0
  orientation: 
    x: 0.0
    y: 0.0
    z: 0.0
    w: 1.0, header: 
  seq: 0
  stamp: 
    secs: 1308
    nsecs: 427000000
  frame_id: "map"
pose: 
  position: 
    x: -2.1138718324
    y: 0.928987099662
    z: 0.0
  orientation: 
    x: 0.0
    y: 0.0
    z: 0.0
    w: 1.0, header: 
  seq: 0
  stamp: 
    secs: 1308
    nsecs: 427000000
  frame_id: "map"
pose: 
  position: 
    x: -2.13707739915
    y: 0.938282754098
    z: 0.0
  orientation: 
    x: 0.0
    y: 0.0
    z: 0.0
    w: 1.0, header: 
  seq: 0
  stamp: 
    secs: 1308
    nsecs: 427000000
  frame_id: "map"
pose: 
  position: 
    x: -2.16029517293
    y: 0.947547890954
    z: 0.0
  orientation: 
    x: 0.0
    y: 0.0
    z: 0.0
    w: 1.0, header: 
  seq: 0
  stamp: 
    secs: 1308
    nsecs: 427000000
  frame_id: "map"
pose: 
  position: 
    x: -2.18343970453
    y: 0.956996133283
    z: 0.0
  orientation: 
    x: 0.0
    y: 0.0
    z: 0.0
    w: 1.0, header: 
  seq: 0
  stamp: 
    secs: 1308
    nsecs: 427000000
  frame_id: "map"
pose: 
  position: 
    x: -2.20660865019
    y: 0.966395547485
    z: 0.0
  orientation: 
    x: 0.0
    y: 0.0
    z: 0.0
    w: 1.0, header: 
  seq: 0
  stamp: 
    secs: 1308
    nsecs: 427000000
  frame_id: "map"
pose: 
  position: 
    x: -2.22978980288
    y: 0.975752237078
    z: 0.0
  orientation: 
    x: 0.0
    y: 0.0
    z: 0.0
    w: 1.0, header: 
  seq: 0
  stamp: 
    secs: 1308
    nsecs: 427000000
  frame_id: "map"
pose: 
  position: 
    x: -2.25299536963
    y: 0.985060098545
    z: 0.0
  orientation: 
    x: 0.0
    y: 0.0
    z: 0.0
    w: 1.0, header: 
  seq: 0
  stamp: 
    secs: 1308
    nsecs: 427000000
  frame_id: "map"
pose: 
  position: 
    x: -2.27625586802
    y: 0.994221475634
    z: 0.0
  orientation: 
    x: 0.0
    y: 0.0
    z: 0.0
    w: 1.0, header: 
  seq: 0
  stamp: 
    secs: 1308
    nsecs: 427000000
  frame_id: "map"
pose: 
  position: 
    x: -2.29944922774
    y: 1.00354764765
    z: 0.0
  orientation: 
    x: 0.0
    y: 0.0
    z: 0.0
    w: 1.0, header: 
  seq: 0
  stamp: 
    secs: 1308
    nsecs: 427000000
  frame_id: "map"
pose: 
  position: 
    x: -2.322850107
    y: 1.01235502083
    z: 0.0
  orientation: 
    x: 0.0
    y: 0.0
    z: 0.0
    w: 1.0, header: 
  seq: 0
  stamp: 
    secs: 1308
    nsecs: 427000000
  frame_id: "map"
pose: 
  position: 
    x: -2.34640967766
    y: 1.02070463033
    z: 0.0
  orientation: 
    x: 0.0
    y: 0.0
    z: 0.0
    w: 1.0, header: 
  seq: 0
  stamp: 
    secs: 1308
    nsecs: 427000000
  frame_id: "map"
pose: 
  position: 
    x: -2.37007300809
    y: 1.02876737459
    z: 0.0
  orientation: 
    x: 0.0
    y: 0.0
    z: 0.0
    w: 1.0, header: 
  seq: 0
  stamp: 
    secs: 1308
    nsecs: 427000000
  frame_id: "map"
pose: 
  position: 
    x: -2.39381568423
    y: 1.03660428877
    z: 0.0
  orientation: 
    x: 0.0
    y: 0.0
    z: 0.0
    w: 1.0, header: 
  seq: 0
  stamp: 
    secs: 1308
    nsecs: 427000000
  frame_id: "map"
pose: 
  position: 
    x: -2.41760108497
    y: 1.04429471857
    z: 0.0
  orientation: 
    x: 0.0
    y: 0.0
    z: 0.0
    w: 1.0, header: 
  seq: 0
  stamp: 
    secs: 1308
    nsecs: 427000000
  frame_id: "map"
pose: 
  position: 
    x: -2.44120338025
    y: 1.0525405683
    z: 0.0
  orientation: 
    x: 0.0
    y: 0.0
    z: 0.0
    w: 1.0, header: 
  seq: 0
  stamp: 
    secs: 1308
    nsecs: 427000000
  frame_id: "map"
pose: 
  position: 
    x: -2.46485450364
    y: 1.06065214069
    z: 0.0
  orientation: 
    x: 0.0
    y: 0.0
    z: 0.0
    w: 1.0, header: 
  seq: 0
  stamp: 
    secs: 1308
    nsecs: 427000000
  frame_id: "map"
pose: 
  position: 
    x: -2.48853614462
    y: 1.06864774627
    z: 0.0
  orientation: 
    x: 0.0
    y: 0.0
    z: 0.0
    w: 1.0, header: 
  seq: 0
  stamp: 
    secs: 1308
    nsecs: 427000000
  frame_id: "map"
pose: 
  position: 
    x: -2.51225440669
    y: 1.07655179913
    z: 0.0
  orientation: 
    x: 0.0
    y: 0.0
    z: 0.0
    w: 1.0, header: 
  seq: 0
  stamp: 
    secs: 1308
    nsecs: 427000000
  frame_id: "map"
pose: 
  position: 
    x: -2.53599708283
    y: 1.08438871331
    z: 0.0
  orientation: 
    x: 0.0
    y: 0.0
    z: 0.0
    w: 1.0, header: 
  seq: 0
  stamp: 
    secs: 1308
    nsecs: 427000000
  frame_id: "map"
pose: 
  position: 
    x: -2.559751966
    y: 1.09217069584
    z: 0.0
  orientation: 
    x: 0.0
    y: 0.0
    z: 0.0
    w: 1.0, header: 
  seq: 0
  stamp: 
    secs: 1308
    nsecs: 427000000
  frame_id: "map"
pose: 
  position: 
    x: -2.58351905619
    y: 1.09992826432
    z: 0.0
  orientation: 
    x: 0.0
    y: 0.0
    z: 0.0
    w: 1.0, header: 
  seq: 0
  stamp: 
    secs: 1308
    nsecs: 427000000
  frame_id: "map"
pose: 
  position: 
    x: -2.60719459366
    y: 1.10795438749
    z: 0.0
  orientation: 
    x: 0.0
    y: 0.0
    z: 0.0
    w: 1.0, header: 
  seq: 0
  stamp: 
    secs: 1308
    nsecs: 427000000
  frame_id: "map"
pose: 
  position: 
    x: -2.63089454518
    y: 1.11592557901
    z: 0.0
  orientation: 
    x: 0.0
    y: 0.0
    z: 0.0
    w: 1.0, header: 
  seq: 0
  stamp: 
    secs: 1308
    nsecs: 427000000
  frame_id: "map"
pose: 
  position: 
    x: -2.65460670374
    y: 1.12384794241
    z: 0.0
  orientation: 
    x: 0.0
    y: 0.0
    z: 0.0
    w: 1.0, header: 
  seq: 0
  stamp: 
    secs: 1308
    nsecs: 427000000
  frame_id: "map"
pose: 
  position: 
    x: -2.67832496581
    y: 1.13173978823
    z: 0.0
  orientation: 
    x: 0.0
    y: 0.0
    z: 0.0
    w: 1.0, header: 
  seq: 0
  stamp: 
    secs: 1308
    nsecs: 427000000
  frame_id: "map"
pose: 
  position: 
    x: -2.70205543491
    y: 1.13960111647
    z: 0.0
  orientation: 
    x: 0.0
    y: 0.0
    z: 0.0
    w: 1.0, header: 
  seq: 0
  stamp: 
    secs: 1308
    nsecs: 427000000
  frame_id: "map"
pose: 
  position: 
    x: -2.72579200753
    y: 1.14745023768
    z: 0.0
  orientation: 
    x: 0.0
    y: 0.0
    z: 0.0
    w: 1.0, header: 
  seq: 0
  stamp: 
    secs: 1308
    nsecs: 427000000
  frame_id: "map"
pose: 
  position: 
    x: -2.74946754499
    y: 1.15547636085
    z: 0.0
  orientation: 
    x: 0.0
    y: 0.0
    z: 0.0
    w: 1.0, header: 
  seq: 0
  stamp: 
    secs: 1308
    nsecs: 427000000
  frame_id: "map"
pose: 
  position: 
    x: -2.77315528949
    y: 1.16347196644
    z: 0.0
  orientation: 
    x: 0.0
    y: 0.0
    z: 0.0
    w: 1.0, header: 
  seq: 0
  stamp: 
    secs: 1308
    nsecs: 427000000
  frame_id: "map"
pose: 
  position: 
    x: -2.79685524101
    y: 1.17143705445
    z: 0.0
  orientation: 
    x: 0.0
    y: 0.0
    z: 0.0
    w: 1.0, header: 
  seq: 0
  stamp: 
    secs: 1308
    nsecs: 427000000
  frame_id: "map"
pose: 
  position: 
    x: -2.82055519254
    y: 1.17938993542
    z: 0.0
  orientation: 
    x: 0.0
    y: 0.0
    z: 0.0
    w: 1.0, header: 
  seq: 0
  stamp: 
    secs: 1308
    nsecs: 427000000
  frame_id: "map"
pose: 
  position: 
    x: -2.84426124758
    y: 1.18731840234
    z: 0.0
  orientation: 
    x: 0.0
    y: 0.0
    z: 0.0
    w: 1.0, header: 
  seq: 0
  stamp: 
    secs: 1308
    nsecs: 427000000
  frame_id: "map"
pose: 
  position: 
    x: -2.86797340614
    y: 1.19524686925
    z: 0.0
  orientation: 
    x: 0.0
    y: 0.0
    z: 0.0
    w: 1.0, header: 
  seq: 0
  stamp: 
    secs: 1308
    nsecs: 427000000
  frame_id: "map"
pose: 
  position: 
    x: -2.89213112134
    y: 1.20168607834
    z: 0.0
  orientation: 
    x: 0.0
    y: 0.0
    z: 0.0
    w: 1.0, header: 
  seq: 0
  stamp: 
    secs: 1308
    nsecs: 427000000
  frame_id: "map"
pose: 
  position: 
    x: -2.91636207873
    y: 1.20783842218
    z: 0.0
  orientation: 
    x: 0.0
    y: 0.0
    z: 0.0
    w: 1.0, header: 
  seq: 0
  stamp: 
    secs: 1308
    nsecs: 427000000
  frame_id: "map"
pose: 
  position: 
    x: -2.94065407128
    y: 1.21375272891
    z: 0.0
  orientation: 
    x: 0.0
    y: 0.0
    z: 0.0
    w: 1.0, header: 
  seq: 0
  stamp: 
    secs: 1308
    nsecs: 427000000
  frame_id: "map"
pose: 
  position: 
    x: -2.96492164977
    y: 1.21974638134
    z: 0.0
  orientation: 
    x: 0.0
    y: 0.0
    z: 0.0
    w: 1.0, header: 
  seq: 0
  stamp: 
    secs: 1308
    nsecs: 427000000
  frame_id: "map"
pose: 
  position: 
    x: -2.98913429661
    y: 1.2259841744
    z: 0.0
  orientation: 
    x: 0.0
    y: 0.0
    z: 0.0
    w: 1.0, header: 
  seq: 0
  stamp: 
    secs: 1308
    nsecs: 427000000
  frame_id: "map"
pose: 
  position: 
    x: -3.01318825205
    y: 1.23278349091
    z: 0.0
  orientation: 
    x: 0.0
    y: 0.0
    z: 0.0
    w: 1.0, header: 
  seq: 0
  stamp: 
    secs: 1308
    nsecs: 427000000
  frame_id: "map"
pose: 
  position: 
    x: -3.03705910201
    y: 1.24021146953
    z: 0.0
  orientation: 
    x: 0.0
    y: 0.0
    z: 0.0
    w: 1.0, header: 
  seq: 0
  stamp: 
    secs: 1308
    nsecs: 427000000
  frame_id: "map"
pose: 
  position: 
    x: -3.06080177815
    y: 1.24804838371
    z: 0.0
  orientation: 
    x: 0.0
    y: 0.0
    z: 0.0
    w: 1.0, header: 
  seq: 0
  stamp: 
    secs: 1308
    nsecs: 427000000
  frame_id: "map"
pose: 
  position: 
    x: -3.08500832148
    y: 1.25430448732
    z: 0.0
  orientation: 
    x: 0.0
    y: 0.0
    z: 0.0
    w: 1.0, header: 
  seq: 0
  stamp: 
    secs: 1308
    nsecs: 427000000
  frame_id: "map"
pose: 
  position: 
    x: -3.10935524567
    y: 1.25997465342
    z: 0.0
  orientation: 
    x: 0.0
    y: 0.0
    z: 0.0
    w: 1.0, header: 
  seq: 0
  stamp: 
    secs: 1308
    nsecs: 427000000
  frame_id: "map"
pose: 
  position: 
    x: -3.1337937226
    y: 1.26524198749
    z: 0.0
  orientation: 
    x: 0.0
    y: 0.0
    z: 0.0
    w: 1.0, header: 
  seq: 0
  stamp: 
    secs: 1308
    nsecs: 427000000
  frame_id: "map"
pose: 
  position: 
    x: -3.15829323468
    y: 1.27020414576
    z: 0.0
  orientation: 
    x: 0.0
    y: 0.0
    z: 0.0
    w: 1.0, header: 
  seq: 0
  stamp: 
    secs: 1308
    nsecs: 427000000
  frame_id: "map"
pose: 
  position: 
    x: -3.18282936786
    y: 1.27500761263
    z: 0.0
  orientation: 
    x: 0.0
    y: 0.0
    z: 0.0
    w: 1.0, header: 
  seq: 0
  stamp: 
    secs: 1308
    nsecs: 427000000
  frame_id: "map"
pose: 
  position: 
    x: -3.20737770807
    y: 1.27973173379
    z: 0.0
  orientation: 
    x: 0.0
    y: 0.0
    z: 0.0
    w: 1.0, header: 
  seq: 0
  stamp: 
    secs: 1308
    nsecs: 427000000
  frame_id: "map"
pose: 
  position: 
    x: -3.23191994476
    y: 1.2845107866
    z: 0.0
  orientation: 
    x: 0.0
    y: 0.0
    z: 0.0
    w: 1.0, header: 
  seq: 0
  stamp: 
    secs: 1308
    nsecs: 427000000
  frame_id: "map"
pose: 
  position: 
    x: -3.25643166388
    y: 1.28943022027
    z: 0.0
  orientation: 
    x: 0.0
    y: 0.0
    z: 0.0
    w: 1.0, header: 
  seq: 0
  stamp: 
    secs: 1308
    nsecs: 427000000
  frame_id: "map"
pose: 
  position: 
    x: -3.28088845135
    y: 1.29461820863
    z: 0.0
  orientation: 
    x: 0.0
    y: 0.0
    z: 0.0
    w: 1.0, header: 
  seq: 0
  stamp: 
    secs: 1308
    nsecs: 427000000
  frame_id: "map"
pose: 
  position: 
    x: -3.30317238723
    y: 1.30594023028
    z: 0.0
  orientation: 
    x: 0.0
    y: 0.0
    z: 0.0
    w: 1.0, header: 
  seq: 0
  stamp: 
    secs: 1308
    nsecs: 427000000
  frame_id: "map"
pose: 
  position: 
    x: -3.32612770984
    y: 1.31584623629
    z: 0.0
  orientation: 
    x: 0.0
    y: 0.0
    z: 0.0
    w: 1.0, header: 
  seq: 0
  stamp: 
    secs: 1308
    nsecs: 427000000
  frame_id: "map"
pose: 
  position: 
    x: -3.34952858909
    y: 1.32464140243
    z: 0.0
  orientation: 
    x: 0.0
    y: 0.0
    z: 0.0
    w: 1.0, header: 
  seq: 0
  stamp: 
    secs: 1308
    nsecs: 427000000
  frame_id: "map"
pose: 
  position: 
    x: -3.37299660702
    y: 1.33326567014
    z: 0.0
  orientation: 
    x: 0.0
    y: 0.0
    z: 0.0
    w: 1.0, header: 
  seq: 0
  stamp: 
    secs: 1308
    nsecs: 427000000
  frame_id: "map"
pose: 
  position: 
    x: -3.39653176362
    y: 1.34169462534
    z: 0.0
  orientation: 
    x: 0.0
    y: 0.0
    z: 0.0
    w: 1.0, header: 
  seq: 0
  stamp: 
    secs: 1308
    nsecs: 427000000
  frame_id: "map"
pose: 
  position: 
    x: -3.41868142215
    y: 1.35328520169
    z: 0.0
  orientation: 
    x: 0.0
    y: 0.0
    z: 0.0
    w: 1.0, header: 
  seq: 0
  stamp: 
    secs: 1308
    nsecs: 427000000
  frame_id: "map"
pose: 
  position: 
    x: -3.44120339515
    y: 1.36414335615
    z: 0.0
  orientation: 
    x: 0.0
    y: 0.0
    z: 0.0
    w: 1.0, header: 
  seq: 0
  stamp: 
    secs: 1308
    nsecs: 427000000
  frame_id: "map"
pose: 
  position: 
    x: -3.46393288767
    y: 1.37454374693
    z: 0.0
  orientation: 
    x: 0.0
    y: 0.0
    z: 0.0
    w: 1.0, header: 
  seq: 0
  stamp: 
    secs: 1308
    nsecs: 427000000
  frame_id: "map"
pose: 
  position: 
    x: -3.48683327864
    y: 1.38458403028
    z: 0.0
  orientation: 
    x: 0.0
    y: 0.0
    z: 0.0
    w: 1.0, header: 
  seq: 0
  stamp: 
    secs: 1308
    nsecs: 427000000
  frame_id: "map"
pose: 
  position: 
    x: -3.50990456804
    y: 1.39420927456
    z: 0.0
  orientation: 
    x: 0.0
    y: 0.0
    z: 0.0
    w: 1.0, header: 
  seq: 0
  stamp: 
    secs: 1308
    nsecs: 427000000
  frame_id: "map"
pose: 
  position: 
    x: -3.53405617973
    y: 1.40066679419
    z: 0.0
  orientation: 
    x: 0.0
    y: 0.0
    z: 0.0
    w: 1.0, header: 
  seq: 0
  stamp: 
    secs: 1308
    nsecs: 427000000
  frame_id: "map"
pose: 
  position: 
    x: -3.55829934416
    y: 1.40676420639
    z: 0.0
  orientation: 
    x: 0.0
    y: 0.0
    z: 0.0
    w: 1.0, header: 
  seq: 0
  stamp: 
    secs: 1308
    nsecs: 427000000
  frame_id: "map"
pose: 
  position: 
    x: -3.58260964725
    y: 1.41259916742
    z: 0.0
  orientation: 
    x: 0.0
    y: 0.0
    z: 0.0
    w: 1.0, header: 
  seq: 0
  stamp: 
    secs: 1308
    nsecs: 427000000
  frame_id: "map"
pose: 
  position: 
    x: -3.60696877848
    y: 1.41820829836
    z: 0.0
  orientation: 
    x: 0.0
    y: 0.0
    z: 0.0
    w: 1.0, header: 
  seq: 0
  stamp: 
    secs: 1308
    nsecs: 427000000
  frame_id: "map"
pose: 
  position: 
    x: -3.63137063431
    y: 1.42364653086
    z: 0.0
  orientation: 
    x: 0.0
    y: 0.0
    z: 0.0
    w: 1.0, header: 
  seq: 0
  stamp: 
    secs: 1308
    nsecs: 427000000
  frame_id: "map"
pose: 
  position: 
    x: -3.65580300772
    y: 1.42893827899
    z: 0.0
  orientation: 
    x: 0.0
    y: 0.0
    z: 0.0
    w: 1.0, header: 
  seq: 0
  stamp: 
    secs: 1308
    nsecs: 427000000
  frame_id: "map"
pose: 
  position: 
    x: -3.68025979519
    y: 1.43412626735
    z: 0.0
  orientation: 
    x: 0.0
    y: 0.0
    z: 0.0
    w: 1.0, header: 
  seq: 0
  stamp: 
    secs: 1308
    nsecs: 427000000
  frame_id: "map"
pose: 
  position: 
    x: -3.70473489321
    y: 1.43922880648
    z: 0.0
  orientation: 
    x: 0.0
    y: 0.0
    z: 0.0
    w: 1.0, header: 
  seq: 0
  stamp: 
    secs: 1308
    nsecs: 427000000
  frame_id: "map"
pose: 
  position: 
    x: -3.72922219827
    y: 1.44427031047
    z: 0.0
  orientation: 
    x: 0.0
    y: 0.0
    z: 0.0
    w: 1.0, header: 
  seq: 0
  stamp: 
    secs: 1308
    nsecs: 427000000
  frame_id: "map"
pose: 
  position: 
    x: -3.75372171035
    y: 1.44925688281
    z: 0.0
  orientation: 
    x: 0.0
    y: 0.0
    z: 0.0
    w: 1.0, header: 
  seq: 0
  stamp: 
    secs: 1308
    nsecs: 427000000
  frame_id: "map"
pose: 
  position: 
    x: -3.77838601736
    y: 1.4533340313
    z: 0.0
  orientation: 
    x: 0.0
    y: 0.0
    z: 0.0
    w: 1.0, header: 
  seq: 0
  stamp: 
    secs: 1308
    nsecs: 427000000
  frame_id: "map"
pose: 
  position: 
    x: -3.80308694546
    y: 1.45719145324
    z: 0.0
  orientation: 
    x: 0.0
    y: 0.0
    z: 0.0
    w: 1.0, header: 
  seq: 0
  stamp: 
    secs: 1308
    nsecs: 427000000
  frame_id: "map"
pose: 
  position: 
    x: -3.82781228763
    y: 1.46089018376
    z: 0.0
  orientation: 
    x: 0.0
    y: 0.0
    z: 0.0
    w: 1.0, header: 
  seq: 0
  stamp: 
    secs: 1308
    nsecs: 427000000
  frame_id: "map"
pose: 
  position: 
    x: -3.85255594034
    y: 1.46445463694
    z: 0.0
  orientation: 
    x: 0.0
    y: 0.0
    z: 0.0
    w: 1.0, header: 
  seq: 0
  stamp: 
    secs: 1308
    nsecs: 427000000
  frame_id: "map"
pose: 
  position: 
    x: -3.87731180008
    y: 1.46793974441
    z: 0.0
  orientation: 
    x: 0.0
    y: 0.0
    z: 0.0
    w: 1.0, header: 
  seq: 0
  stamp: 
    secs: 1308
    nsecs: 427000000
  frame_id: "map"
pose: 
  position: 
    x: -3.90207376334
    y: 1.47136381673
    z: 0.0
  orientation: 
    x: 0.0
    y: 0.0
    z: 0.0
    w: 1.0, header: 
  seq: 0
  stamp: 
    secs: 1308
    nsecs: 427000000
  frame_id: "map"
pose: 
  position: 
    x: -3.92684793363
    y: 1.47471464686
    z: 0.0
  orientation: 
    x: 0.0
    y: 0.0
    z: 0.0
    w: 1.0, header: 
  seq: 0
  stamp: 
    secs: 1308
    nsecs: 427000000
  frame_id: "map"
pose: 
  position: 
    x: -3.95163431096
    y: 1.47801054534
    z: 0.0
  orientation: 
    x: 0.0
    y: 0.0
    z: 0.0
    w: 1.0, header: 
  seq: 0
  stamp: 
    secs: 1308
    nsecs: 427000000
  frame_id: "map"
pose: 
  position: 
    x: -3.97640848125
    y: 1.48133085789
    z: 0.0
  orientation: 
    x: 0.0
    y: 0.0
    z: 0.0
    w: 1.0, header: 
  seq: 0
  stamp: 
    secs: 1308
    nsecs: 427000000
  frame_id: "map"
pose: 
  position: 
    x: -4.00118265154
    y: 1.48470610208
    z: 0.0
  orientation: 
    x: 0.0
    y: 0.0
    z: 0.0
    w: 1.0, header: 
  seq: 0
  stamp: 
    secs: 1308
    nsecs: 427000000
  frame_id: "map"
pose: 
  position: 
    x: -4.02593240777
    y: 1.48820341659
    z: 0.0
  orientation: 
    x: 0.0
    y: 0.0
    z: 0.0
    w: 1.0, header: 
  seq: 0
  stamp: 
    secs: 1308
    nsecs: 427000000
  frame_id: "map"
pose: 
  position: 
    x: -4.05066385345
    y: 1.49187162953
    z: 0.0
  orientation: 
    x: 0.0
    y: 0.0
    z: 0.0
    w: 1.0, header: 
  seq: 0
  stamp: 
    secs: 1308
    nsecs: 427000000
  frame_id: "map"
pose: 
  position: 
    x: -4.07535867803
    y: 1.49578398311
    z: 0.0
  orientation: 
    x: 0.0
    y: 0.0
    z: 0.0
    w: 1.0, header: 
  seq: 0
  stamp: 
    secs: 1308
    nsecs: 427000000
  frame_id: "map"
pose: 
  position: 
    x: -4.09999857098
    y: 1.50000151247
    z: 0.0
  orientation: 
    x: 0.0
    y: 0.0
    z: 0.0
    w: 1.0, header: 
  seq: 0
  stamp: 
    secs: 1308
    nsecs: 427000000
  frame_id: "map"
pose: 
  position: 
    x: -4.14999857172
    y: 1.55000151321
    z: 0.0
  orientation: 
    x: 0.0
    y: 0.0
    z: 0.0
    w: 1.0]"
1970/01/01/07:21:48.427000,1,1308,427000000,map,"[header: 
  seq: 0
  stamp: 
    secs: 1308
    nsecs: 427000000
  frame_id: "map"
pose: 
  position: 
    x: -0.0499985106289
    y: -0.0499985106289
    z: 0.0
  orientation: 
    x: 0.0
    y: 0.0
    z: 0.0
    w: 1.0, header: 
  seq: 0
  stamp: 
    secs: 1308
    nsecs: 427000000
  frame_id: "map"
pose: 
  position: 
    x: -0.0963364019444
    y: -0.0554245361004
    z: 0.0
  orientation: 
    x: 0.0
    y: 0.0
    z: 0.0
    w: 1.0, header: 
  seq: 0
  stamp: 
    secs: 1308
    nsecs: 427000000
  frame_id: "map"
pose: 
  position: 
    x: -0.121214332003
    y: -0.0579025634811
    z: 0.0
  orientation: 
    x: 0.0
    y: 0.0
    z: 0.0
    w: 1.0, header: 
  seq: 0
  stamp: 
    secs: 1308
    nsecs: 427000000
  frame_id: "map"
pose: 
  position: 
    x: -0.143162574517
    y: -0.0459335691621
    z: 0.0
  orientation: 
    x: 0.0
    y: 0.0
    z: 0.0
    w: 1.0, header: 
  seq: 0
  stamp: 
    secs: 1308
    nsecs: 427000000
  frame_id: "map"
pose: 
  position: 
    x: -0.165281715472
    y: -0.0342880611761
    z: 0.0
  orientation: 
    x: 0.0
    y: 0.0
    z: 0.0
    w: 1.0, header: 
  seq: 0
  stamp: 
    secs: 1308
    nsecs: 427000000
  frame_id: "map"
pose: 
  position: 
    x: -0.187492409162
    y: -0.0228012445987
    z: 0.0
  orientation: 
    x: 0.0
    y: 0.0
    z: 0.0
    w: 1.0, header: 
  seq: 0
  stamp: 
    secs: 1308
    nsecs: 427000000
  frame_id: "map"
pose: 
  position: 
    x: -0.209745827462
    y: -0.0114181877884
    z: 0.0
  orientation: 
    x: 0.0
    y: 0.0
    z: 0.0
    w: 1.0, header: 
  seq: 0
  stamp: 
    secs: 1308
    nsecs: 427000000
  frame_id: "map"
pose: 
  position: 
    x: -0.2315475856
    y: 0.000819361222057
    z: 0.0
  orientation: 
    x: 0.0
    y: 0.0
    z: 0.0
    w: 1.0, header: 
  seq: 0
  stamp: 
    secs: 1308
    nsecs: 427000000
  frame_id: "map"
pose: 
  position: 
    x: -0.253422585926
    y: 0.0129165293711
    z: 0.0
  orientation: 
    x: 0.0
    y: 0.0
    z: 0.0
    w: 1.0, header: 
  seq: 0
  stamp: 
    secs: 1308
    nsecs: 427000000
  frame_id: "map"
pose: 
  position: 
    x: -0.275322000315
    y: 0.0249770764258
    z: 0.0
  orientation: 
    x: 0.0
    y: 0.0
    z: 0.0
    w: 1.0, header: 
  seq: 0
  stamp: 
    secs: 1308
    nsecs: 427000000
  frame_id: "map"
pose: 
  position: 
    x: -0.297258035798
    y: 0.0369704848076
    z: 0.0
  orientation: 
    x: 0.0
    y: 0.0
    z: 0.0
    w: 1.0, header: 
  seq: 0
  stamp: 
    secs: 1308
    nsecs: 427000000
  frame_id: "map"
pose: 
  position: 
    x: -0.319181864249
    y: 0.0489822037366
    z: 0.0
  orientation: 
    x: 0.0
    y: 0.0
    z: 0.0
    w: 1.0, header: 
  seq: 0
  stamp: 
    secs: 1308
    nsecs: 427000000
  frame_id: "map"
pose: 
  position: 
    x: -0.340934794261
    y: 0.0613052019671
    z: 0.0
  orientation: 
    x: 0.0
    y: 0.0
    z: 0.0
    w: 1.0, header: 
  seq: 0
  stamp: 
    secs: 1308
    nsecs: 427000000
  frame_id: "map"
pose: 
  position: 
    x: -0.36270603482
    y: 0.073597682619
    z: 0.0
  orientation: 
    x: 0.0
    y: 0.0
    z: 0.0
    w: 1.0, header: 
  seq: 0
  stamp: 
    secs: 1308
    nsecs: 427000000
  frame_id: "map"
pose: 
  position: 
    x: -0.38448948241
    y: 0.0858657492081
    z: 0.0
  orientation: 
    x: 0.0
    y: 0.0
    z: 0.0
    w: 1.0, header: 
  seq: 0
  stamp: 
    secs: 1308
    nsecs: 427000000
  frame_id: "map"
pose: 
  position: 
    x: -0.406303447579
    y: 0.09807278064
    z: 0.0
  orientation: 
    x: 0.0
    y: 0.0
    z: 0.0
    w: 1.0, header: 
  seq: 0
  stamp: 
    secs: 1308
    nsecs: 427000000
  frame_id: "map"
pose: 
  position: 
    x: -0.428050274075
    y: 0.110407985902
    z: 0.0
  orientation: 
    x: 0.0
    y: 0.0
    z: 0.0
    w: 1.0, header: 
  seq: 0
  stamp: 
    secs: 1308
    nsecs: 427000000
  frame_id: "map"
pose: 
  position: 
    x: -0.449864239244
    y: 0.12262112085
    z: 0.0
  orientation: 
    x: 0.0
    y: 0.0
    z: 0.0
    w: 1.0, header: 
  seq: 0
  stamp: 
    secs: 1308
    nsecs: 427000000
  frame_id: "map"
pose: 
  position: 
    x: -0.471934552073
    y: 0.134364285087
    z: 0.0
  orientation: 
    x: 0.0
    y: 0.0
    z: 0.0
    w: 1.0, header: 
  seq: 0
  stamp: 
    secs: 1308
    nsecs: 427000000
  frame_id: "map"
pose: 
  position: 
    x: -0.494200177404
    y: 0.14572903135
    z: 0.0
  orientation: 
    x: 0.0
    y: 0.0
    z: 0.0
    w: 1.0, header: 
  seq: 0
  stamp: 
    secs: 1308
    nsecs: 427000000
  frame_id: "map"
pose: 
  position: 
    x: -0.516264386717
    y: 0.157484402619
    z: 0.0
  orientation: 
    x: 0.0
    y: 0.0
    z: 0.0
    w: 1.0, header: 
  seq: 0
  stamp: 
    secs: 1308
    nsecs: 427000000
  frame_id: "map"
pose: 
  position: 
    x: -0.538426252282
    y: 0.169056668416
    z: 0.0
  orientation: 
    x: 0.0
    y: 0.0
    z: 0.0
    w: 1.0, header: 
  seq: 0
  stamp: 
    secs: 1308
    nsecs: 427000000
  frame_id: "map"
pose: 
  position: 
    x: -0.56065525652
    y: 0.180500760384
    z: 0.0
  orientation: 
    x: 0.0
    y: 0.0
    z: 0.0
    w: 1.0, header: 
  seq: 0
  stamp: 
    secs: 1308
    nsecs: 427000000
  frame_id: "map"
pose: 
  position: 
    x: -0.582920881851
    y: 0.191865506647
    z: 0.0
  orientation: 
    x: 0.0
    y: 0.0
    z: 0.0
    w: 1.0, header: 
  seq: 0
  stamp: 
    secs: 1308
    nsecs: 427000000
  frame_id: "map"
pose: 
  position: 
    x: -0.605052229837
    y: 0.203498807602
    z: 0.0
  orientation: 
    x: 0.0
    y: 0.0
    z: 0.0
    w: 1.0, header: 
  seq: 0
  stamp: 
    secs: 1308
    nsecs: 427000000
  frame_id: "map"
pose: 
  position: 
    x: -0.627220198918
    y: 0.215052762852
    z: 0.0
  orientation: 
    x: 0.0
    y: 0.0
    z: 0.0
    w: 1.0, header: 
  seq: 0
  stamp: 
    secs: 1308
    nsecs: 427000000
  frame_id: "map"
pose: 
  position: 
    x: -0.649424789092
    y: 0.226533475914
    z: 0.0
  orientation: 
    x: 0.0
    y: 0.0
    z: 0.0
    w: 1.0, header: 
  seq: 0
  stamp: 
    secs: 1308
    nsecs: 427000000
  frame_id: "map"
pose: 
  position: 
    x: -0.67165379333
    y: 0.237983671397
    z: 0.0
  orientation: 
    x: 0.0
    y: 0.0
    z: 0.0
    w: 1.0, header: 
  seq: 0
  stamp: 
    secs: 1308
    nsecs: 427000000
  frame_id: "map"
pose: 
  position: 
    x: -0.693895004599
    y: 0.249397245786
    z: 0.0
  orientation: 
    x: 0.0
    y: 0.0
    z: 0.0
    w: 1.0, header: 
  seq: 0
  stamp: 
    secs: 1308
    nsecs: 427000000
  frame_id: "map"
pose: 
  position: 
    x: -0.716044663132
    y: 0.260981718614
    z: 0.0
  orientation: 
    x: 0.0
    y: 0.0
    z: 0.0
    w: 1.0, header: 
  seq: 0
  stamp: 
    secs: 1308
    nsecs: 427000000
  frame_id: "map"
pose: 
  position: 
    x: -0.738218735728
    y: 0.272529570349
    z: 0.0
  orientation: 
    x: 0.0
    y: 0.0
    z: 0.0
    w: 1.0, header: 
  seq: 0
  stamp: 
    secs: 1308
    nsecs: 427000000
  frame_id: "map"
pose: 
  position: 
    x: -0.760405015355
    y: 0.284046904505
    z: 0.0
  orientation: 
    x: 0.0
    y: 0.0
    z: 0.0
    w: 1.0, header: 
  seq: 0
  stamp: 
    secs: 1308
    nsecs: 427000000
  frame_id: "map"
pose: 
  position: 
    x: -0.782603502014
    y: 0.295558135145
    z: 0.0
  orientation: 
    x: 0.0
    y: 0.0
    z: 0.0
    w: 1.0, header: 
  seq: 0
  stamp: 
    secs: 1308
    nsecs: 427000000
  frame_id: "map"
pose: 
  position: 
    x: -0.80473485
    y: 0.307185332584
    z: 0.0
  orientation: 
    x: 0.0
    y: 0.0
    z: 0.0
    w: 1.0, header: 
  seq: 0
  stamp: 
    secs: 1308
    nsecs: 427000000
  frame_id: "map"
pose: 
  position: 
    x: -0.826878405018
    y: 0.31878811596
    z: 0.0
  orientation: 
    x: 0.0
    y: 0.0
    z: 0.0
    w: 1.0, header: 
  seq: 0
  stamp: 
    secs: 1308
    nsecs: 427000000
  frame_id: "map"
pose: 
  position: 
    x: -0.849034167067
    y: 0.330366485273
    z: 0.0
  orientation: 
    x: 0.0
    y: 0.0
    z: 0.0
    w: 1.0, header: 
  seq: 0
  stamp: 
    secs: 1308
    nsecs: 427000000
  frame_id: "map"
pose: 
  position: 
    x: -0.871189929116
    y: 0.341944854586
    z: 0.0
  orientation: 
    x: 0.0
    y: 0.0
    z: 0.0
    w: 1.0, header: 
  seq: 0
  stamp: 
    secs: 1308
    nsecs: 427000000
  frame_id: "map"
pose: 
  position: 
    x: -0.893302966555
    y: 0.353614776635
    z: 0.0
  orientation: 
    x: 0.0
    y: 0.0
    z: 0.0
    w: 1.0, header: 
  seq: 0
  stamp: 
    secs: 1308
    nsecs: 427000000
  frame_id: "map"
pose: 
  position: 
    x: -0.915416003993
    y: 0.365272491653
    z: 0.0
  orientation: 
    x: 0.0
    y: 0.0
    z: 0.0
    w: 1.0, header: 
  seq: 0
  stamp: 
    secs: 1308
    nsecs: 427000000
  frame_id: "map"
pose: 
  position: 
    x: -0.937541248464
    y: 0.376911896123
    z: 0.0
  orientation: 
    x: 0.0
    y: 0.0
    z: 0.0
    w: 1.0, header: 
  seq: 0
  stamp: 
    secs: 1308
    nsecs: 427000000
  frame_id: "map"
pose: 
  position: 
    x: -0.95967259645
    y: 0.388539093562
    z: 0.0
  orientation: 
    x: 0.0
    y: 0.0
    z: 0.0
    w: 1.0, header: 
  seq: 0
  stamp: 
    secs: 1308
    nsecs: 427000000
  frame_id: "map"
pose: 
  position: 
    x: -0.981761219826
    y: 0.400245636705
    z: 0.0
  orientation: 
    x: 0.0
    y: 0.0
    z: 0.0
    w: 1.0, header: 
  seq: 0
  stamp: 
    secs: 1308
    nsecs: 427000000
  frame_id: "map"
pose: 
  position: 
    x: -1.00386815375
    y: 0.41192166227
    z: 0.0
  orientation: 
    x: 0.0
    y: 0.0
    z: 0.0
    w: 1.0, header: 
  seq: 0
  stamp: 
    secs: 1308
    nsecs: 427000000
  frame_id: "map"
pose: 
  position: 
    x: -1.02599339822
    y: 0.42356106674
    z: 0.0
  orientation: 
    x: 0.0
    y: 0.0
    z: 0.0
    w: 1.0, header: 
  seq: 0
  stamp: 
    secs: 1308
    nsecs: 427000000
  frame_id: "map"
pose: 
  position: 
    x: -1.04814305675
    y: 0.4351577466
    z: 0.0
  orientation: 
    x: 0.0
    y: 0.0
    z: 0.0
    w: 1.0, header: 
  seq: 0
  stamp: 
    secs: 1308
    nsecs: 427000000
  frame_id: "map"
pose: 
  position: 
    x: -1.07031102583
    y: 0.446711701851
    z: 0.0
  orientation: 
    x: 0.0
    y: 0.0
    z: 0.0
    w: 1.0, header: 
  seq: 0
  stamp: 
    secs: 1308
    nsecs: 427000000
  frame_id: "map"
pose: 
  position: 
    x: -1.09244237382
    y: 0.458345002805
    z: 0.0
  orientation: 
    x: 0.0
    y: 0.0
    z: 0.0
    w: 1.0, header: 
  seq: 0
  stamp: 
    secs: 1308
    nsecs: 427000000
  frame_id: "map"
pose: 
  position: 
    x: -1.11461644641
    y: 0.46989285454
    z: 0.0
  orientation: 
    x: 0.0
    y: 0.0
    z: 0.0
    w: 1.0, header: 
  seq: 0
  stamp: 
    secs: 1308
    nsecs: 427000000
  frame_id: "map"
pose: 
  position: 
    x: -1.13683934714
    y: 0.481336946507
    z: 0.0
  orientation: 
    x: 0.0
    y: 0.0
    z: 0.0
    w: 1.0, header: 
  seq: 0
  stamp: 
    secs: 1308
    nsecs: 427000000
  frame_id: "map"
pose: 
  position: 
    x: -1.15918431817
    y: 0.492549104878
    z: 0.0
  orientation: 
    x: 0.0
    y: 0.0
    z: 0.0
    w: 1.0, header: 
  seq: 0
  stamp: 
    secs: 1308
    nsecs: 427000000
  frame_id: "map"
pose: 
  position: 
    x: -1.18151097866
    y: 0.503791780826
    z: 0.0
  orientation: 
    x: 0.0
    y: 0.0
    z: 0.0
    w: 1.0, header: 
  seq: 0
  stamp: 
    secs: 1308
    nsecs: 427000000
  frame_id: "map"
pose: 
  position: 
    x: -1.20394139892
    y: 0.514833040756
    z: 0.0
  orientation: 
    x: 0.0
    y: 0.0
    z: 0.0
    w: 1.0, header: 
  seq: 0
  stamp: 
    secs: 1308
    nsecs: 427000000
  frame_id: "map"
pose: 
  position: 
    x: -1.22646337191
    y: 0.525697298731
    z: 0.0
  orientation: 
    x: 0.0
    y: 0.0
    z: 0.0
    w: 1.0, header: 
  seq: 0
  stamp: 
    secs: 1308
    nsecs: 427000000
  frame_id: "map"
pose: 
  position: 
    x: -1.24904638006
    y: 0.536408968812
    z: 0.0
  orientation: 
    x: 0.0
    y: 0.0
    z: 0.0
    w: 1.0, header: 
  seq: 0
  stamp: 
    secs: 1308
    nsecs: 427000000
  frame_id: "map"
pose: 
  position: 
    x: -1.27168431985
    y: 0.547016879127
    z: 0.0
  orientation: 
    x: 0.0
    y: 0.0
    z: 0.0
    w: 1.0, header: 
  seq: 0
  stamp: 
    secs: 1308
    nsecs: 427000000
  frame_id: "map"
pose: 
  position: 
    x: -1.29421849987
    y: 0.557844516007
    z: 0.0
  orientation: 
    x: 0.0
    y: 0.0
    z: 0.0
    w: 1.0, header: 
  seq: 0
  stamp: 
    secs: 1308
    nsecs: 427000000
  frame_id: "map"
pose: 
  position: 
    x: -1.31679540451
    y: 0.568580600151
    z: 0.0
  orientation: 
    x: 0.0
    y: 0.0
    z: 0.0
    w: 1.0, header: 
  seq: 0
  stamp: 
    secs: 1308
    nsecs: 427000000
  frame_id: "map"
pose: 
  position: 
    x: -1.33941503375
    y: 0.579231235075
    z: 0.0
  orientation: 
    x: 0.0
    y: 0.0
    z: 0.0
    w: 1.0, header: 
  seq: 0
  stamp: 
    secs: 1308
    nsecs: 427000000
  frame_id: "map"
pose: 
  position: 
    x: -1.36205907706
    y: 0.589826938358
    z: 0.0
  orientation: 
    x: 0.0
    y: 0.0
    z: 0.0
    w: 1.0, header: 
  seq: 0
  stamp: 
    secs: 1308
    nsecs: 427000000
  frame_id: "map"
pose: 
  position: 
    x: -1.38461767114
    y: 0.600599643597
    z: 0.0
  orientation: 
    x: 0.0
    y: 0.0
    z: 0.0
    w: 1.0, header: 
  seq: 0
  stamp: 
    secs: 1308
    nsecs: 427000000
  frame_id: "map"
pose: 
  position: 
    x: -1.40720678281
    y: 0.611305210163
    z: 0.0
  orientation: 
    x: 0.0
    y: 0.0
    z: 0.0
    w: 1.0, header: 
  seq: 0
  stamp: 
    secs: 1308
    nsecs: 427000000
  frame_id: "map"
pose: 
  position: 
    x: -1.42982641205
    y: 0.621961948603
    z: 0.0
  orientation: 
    x: 0.0
    y: 0.0
    z: 0.0
    w: 1.0, header: 
  seq: 0
  stamp: 
    secs: 1308
    nsecs: 427000000
  frame_id: "map"
pose: 
  position: 
    x: -1.45245824832
    y: 0.632575962433
    z: 0.0
  orientation: 
    x: 0.0
    y: 0.0
    z: 0.0
    w: 1.0, header: 
  seq: 0
  stamp: 
    secs: 1308
    nsecs: 427000000
  frame_id: "map"
pose: 
  position: 
    x: -1.47510839515
    y: 0.643159458684
    z: 0.0
  orientation: 
    x: 0.0
    y: 0.0
    z: 0.0
    w: 1.0, header: 
  seq: 0
  stamp: 
    secs: 1308
    nsecs: 427000000
  frame_id: "map"
pose: 
  position: 
    x: -1.49769750681
    y: 0.653871128766
    z: 0.0
  orientation: 
    x: 0.0
    y: 0.0
    z: 0.0
    w: 1.0, header: 
  seq: 0
  stamp: 
    secs: 1308
    nsecs: 427000000
  frame_id: "map"
pose: 
  position: 
    x: -1.52030492902
    y: 0.664546177753
    z: 0.0
  orientation: 
    x: 0.0
    y: 0.0
    z: 0.0
    w: 1.0, header: 
  seq: 0
  stamp: 
    secs: 1308
    nsecs: 427000000
  frame_id: "map"
pose: 
  position: 
    x: -1.54292455827
    y: 0.675190709162
    z: 0.0
  orientation: 
    x: 0.0
    y: 0.0
    z: 0.0
    w: 1.0, header: 
  seq: 0
  stamp: 
    secs: 1308
    nsecs: 427000000
  frame_id: "map"
pose: 
  position: 
    x: -1.56555639454
    y: 0.685810826507
    z: 0.0
  orientation: 
    x: 0.0
    y: 0.0
    z: 0.0
    w: 1.0, header: 
  seq: 0
  stamp: 
    secs: 1308
    nsecs: 427000000
  frame_id: "map"
pose: 
  position: 
    x: -1.58819433433
    y: 0.696412633306
    z: 0.0
  orientation: 
    x: 0.0
    y: 0.0
    z: 0.0
    w: 1.0, header: 
  seq: 0
  stamp: 
    secs: 1308
    nsecs: 427000000
  frame_id: "map"
pose: 
  position: 
    x: -1.61079565303
    y: 0.707112096356
    z: 0.0
  orientation: 
    x: 0.0
    y: 0.0
    z: 0.0
    w: 1.0, header: 
  seq: 0
  stamp: 
    secs: 1308
    nsecs: 427000000
  frame_id: "map"
pose: 
  position: 
    x: -1.63339697172
    y: 0.717787145343
    z: 0.0
  orientation: 
    x: 0.0
    y: 0.0
    z: 0.0
    w: 1.0, header: 
  seq: 0
  stamp: 
    secs: 1308
    nsecs: 427000000
  frame_id: "map"
pose: 
  position: 
    x: -1.65601660097
    y: 0.728437780268
    z: 0.0
  orientation: 
    x: 0.0
    y: 0.0
    z: 0.0
    w: 1.0, header: 
  seq: 0
  stamp: 
    secs: 1308
    nsecs: 427000000
  frame_id: "map"
pose: 
  position: 
    x: -1.67863623021
    y: 0.739082311676
    z: 0.0
  orientation: 
    x: 0.0
    y: 0.0
    z: 0.0
    w: 1.0, header: 
  seq: 0
  stamp: 
    secs: 1308
    nsecs: 427000000
  frame_id: "map"
pose: 
  position: 
    x: -1.70126196297
    y: 0.749714636053
    z: 0.0
  orientation: 
    x: 0.0
    y: 0.0
    z: 0.0
    w: 1.0, header: 
  seq: 0
  stamp: 
    secs: 1308
    nsecs: 427000000
  frame_id: "map"
pose: 
  position: 
    x: -1.72385717815
    y: 0.760420202619
    z: 0.0
  orientation: 
    x: 0.0
    y: 0.0
    z: 0.0
    w: 1.0, header: 
  seq: 0
  stamp: 
    secs: 1308
    nsecs: 427000000
  frame_id: "map"
pose: 
  position: 
    x: -1.74645239333
    y: 0.771113562153
    z: 0.0
  orientation: 
    x: 0.0
    y: 0.0
    z: 0.0
    w: 1.0, header: 
  seq: 0
  stamp: 
    secs: 1308
    nsecs: 427000000
  frame_id: "map"
pose: 
  position: 
    x: -1.76905981554
    y: 0.781794714656
    z: 0.0
  orientation: 
    x: 0.0
    y: 0.0
    z: 0.0
    w: 1.0, header: 
  seq: 0
  stamp: 
    secs: 1308
    nsecs: 427000000
  frame_id: "map"
pose: 
  position: 
    x: -1.79166113424
    y: 0.792469763644
    z: 0.0
  orientation: 
    x: 0.0
    y: 0.0
    z: 0.0
    w: 1.0, header: 
  seq: 0
  stamp: 
    secs: 1308
    nsecs: 427000000
  frame_id: "map"
pose: 
  position: 
    x: -1.81426245293
    y: 0.803157019662
    z: 0.0
  orientation: 
    x: 0.0
    y: 0.0
    z: 0.0
    w: 1.0, header: 
  seq: 0
  stamp: 
    secs: 1308
    nsecs: 427000000
  frame_id: "map"
pose: 
  position: 
    x: -1.83690649624
    y: 0.813752722945
    z: 0.0
  orientation: 
    x: 0.0
    y: 0.0
    z: 0.0
    w: 1.0, header: 
  seq: 0
  stamp: 
    secs: 1308
    nsecs: 427000000
  frame_id: "map"
pose: 
  position: 
    x: -1.85967871338
    y: 0.824073768021
    z: 0.0
  orientation: 
    x: 0.0
    y: 0.0
    z: 0.0
    w: 1.0, header: 
  seq: 0
  stamp: 
    secs: 1308
    nsecs: 427000000
  frame_id: "map"
pose: 
  position: 
    x: -1.88266455356
    y: 0.833906531839
    z: 0.0
  orientation: 
    x: 0.0
    y: 0.0
    z: 0.0
    w: 1.0, header: 
  seq: 0
  stamp: 
    secs: 1308
    nsecs: 427000000
  frame_id: "map"
pose: 
  position: 
    x: -1.90579687813
    y: 0.84337918823
    z: 0.0
  orientation: 
    x: 0.0
    y: 0.0
    z: 0.0
    w: 1.0, header: 
  seq: 0
  stamp: 
    secs: 1308
    nsecs: 427000000
  frame_id: "map"
pose: 
  position: 
    x: -1.92876440777
    y: 0.853254676659
    z: 0.0
  orientation: 
    x: 0.0
    y: 0.0
    z: 0.0
    w: 1.0, header: 
  seq: 0
  stamp: 
    secs: 1308
    nsecs: 427000000
  frame_id: "map"
pose: 
  position: 
    x: -1.95181738662
    y: 0.862934852584
    z: 0.0
  orientation: 
    x: 0.0
    y: 0.0
    z: 0.0
    w: 1.0, header: 
  seq: 0
  stamp: 
    secs: 1308
    nsecs: 427000000
  frame_id: "map"
pose: 
  position: 
    x: -1.97493140064
    y: 0.872450233585
    z: 0.0
  orientation: 
    x: 0.0
    y: 0.0
    z: 0.0
    w: 1.0, header: 
  seq: 0
  stamp: 
    secs: 1308
    nsecs: 427000000
  frame_id: "map"
pose: 
  position: 
    x: -1.9981003463
    y: 0.881837440756
    z: 0.0
  orientation: 
    x: 0.0
    y: 0.0
    z: 0.0
    w: 1.0, header: 
  seq: 0
  stamp: 
    secs: 1308
    nsecs: 427000000
  frame_id: "map"
pose: 
  position: 
    x: -2.02131201657
    y: 0.891133095192
    z: 0.0
  orientation: 
    x: 0.0
    y: 0.0
    z: 0.0
    w: 1.0, header: 
  seq: 0
  stamp: 
    secs: 1308
    nsecs: 427000000
  frame_id: "map"
pose: 
  position: 
    x: -2.044395513
    y: 0.900727821897
    z: 0.0
  orientation: 
    x: 0.0
    y: 0.0
    z: 0.0
    w: 1.0, header: 
  seq: 0
  stamp: 
    secs: 1308
    nsecs: 427000000
  frame_id: "map"
pose: 
  position: 
    x: -2.06752173405
    y: 0.910224892351
    z: 0.0
  orientation: 
    x: 0.0
    y: 0.0
    z: 0.0
    w: 1.0, header: 
  seq: 0
  stamp: 
    secs: 1308
    nsecs: 427000000
  frame_id: "map"
pose: 
  position: 
    x: -2.09068457619
    y: 0.919636513585
    z: 0.0
  orientation: 
    x: 0.0
    y: 0.0
    z: 0.0
    w: 1.0, header: 
  seq: 0
  stamp: 
    secs: 1308
    nsecs: 427000000
  frame_id: "map"
pose: 
  position: 
    x: -2.1138718324
    y: 0.928987099662
    z: 0.0
  orientation: 
    x: 0.0
    y: 0.0
    z: 0.0
    w: 1.0, header: 
  seq: 0
  stamp: 
    secs: 1308
    nsecs: 427000000
  frame_id: "map"
pose: 
  position: 
    x: -2.13707739915
    y: 0.938282754098
    z: 0.0
  orientation: 
    x: 0.0
    y: 0.0
    z: 0.0
    w: 1.0, header: 
  seq: 0
  stamp: 
    secs: 1308
    nsecs: 427000000
  frame_id: "map"
pose: 
  position: 
    x: -2.16029517293
    y: 0.947547890954
    z: 0.0
  orientation: 
    x: 0.0
    y: 0.0
    z: 0.0
    w: 1.0, header: 
  seq: 0
  stamp: 
    secs: 1308
    nsecs: 427000000
  frame_id: "map"
pose: 
  position: 
    x: -2.18343970453
    y: 0.956996133283
    z: 0.0
  orientation: 
    x: 0.0
    y: 0.0
    z: 0.0
    w: 1.0, header: 
  seq: 0
  stamp: 
    secs: 1308
    nsecs: 427000000
  frame_id: "map"
pose: 
  position: 
    x: -2.20660865019
    y: 0.966395547485
    z: 0.0
  orientation: 
    x: 0.0
    y: 0.0
    z: 0.0
    w: 1.0, header: 
  seq: 0
  stamp: 
    secs: 1308
    nsecs: 427000000
  frame_id: "map"
pose: 
  position: 
    x: -2.22978980288
    y: 0.975752237078
    z: 0.0
  orientation: 
    x: 0.0
    y: 0.0
    z: 0.0
    w: 1.0, header: 
  seq: 0
  stamp: 
    secs: 1308
    nsecs: 427000000
  frame_id: "map"
pose: 
  position: 
    x: -2.25299536963
    y: 0.985060098545
    z: 0.0
  orientation: 
    x: 0.0
    y: 0.0
    z: 0.0
    w: 1.0, header: 
  seq: 0
  stamp: 
    secs: 1308
    nsecs: 427000000
  frame_id: "map"
pose: 
  position: 
    x: -2.27625586802
    y: 0.994221475634
    z: 0.0
  orientation: 
    x: 0.0
    y: 0.0
    z: 0.0
    w: 1.0, header: 
  seq: 0
  stamp: 
    secs: 1308
    nsecs: 427000000
  frame_id: "map"
pose: 
  position: 
    x: -2.29944922774
    y: 1.00354764765
    z: 0.0
  orientation: 
    x: 0.0
    y: 0.0
    z: 0.0
    w: 1.0, header: 
  seq: 0
  stamp: 
    secs: 1308
    nsecs: 427000000
  frame_id: "map"
pose: 
  position: 
    x: -2.322850107
    y: 1.01235502083
    z: 0.0
  orientation: 
    x: 0.0
    y: 0.0
    z: 0.0
    w: 1.0, header: 
  seq: 0
  stamp: 
    secs: 1308
    nsecs: 427000000
  frame_id: "map"
pose: 
  position: 
    x: -2.34640967766
    y: 1.02070463033
    z: 0.0
  orientation: 
    x: 0.0
    y: 0.0
    z: 0.0
    w: 1.0, header: 
  seq: 0
  stamp: 
    secs: 1308
    nsecs: 427000000
  frame_id: "map"
pose: 
  position: 
    x: -2.37007300809
    y: 1.02876737459
    z: 0.0
  orientation: 
    x: 0.0
    y: 0.0
    z: 0.0
    w: 1.0, header: 
  seq: 0
  stamp: 
    secs: 1308
    nsecs: 427000000
  frame_id: "map"
pose: 
  position: 
    x: -2.39381568423
    y: 1.03660428877
    z: 0.0
  orientation: 
    x: 0.0
    y: 0.0
    z: 0.0
    w: 1.0, header: 
  seq: 0
  stamp: 
    secs: 1308
    nsecs: 427000000
  frame_id: "map"
pose: 
  position: 
    x: -2.41760108497
    y: 1.04429471857
    z: 0.0
  orientation: 
    x: 0.0
    y: 0.0
    z: 0.0
    w: 1.0, header: 
  seq: 0
  stamp: 
    secs: 1308
    nsecs: 427000000
  frame_id: "map"
pose: 
  position: 
    x: -2.44120338025
    y: 1.0525405683
    z: 0.0
  orientation: 
    x: 0.0
    y: 0.0
    z: 0.0
    w: 1.0, header: 
  seq: 0
  stamp: 
    secs: 1308
    nsecs: 427000000
  frame_id: "map"
pose: 
  position: 
    x: -2.46485450364
    y: 1.06065214069
    z: 0.0
  orientation: 
    x: 0.0
    y: 0.0
    z: 0.0
    w: 1.0, header: 
  seq: 0
  stamp: 
    secs: 1308
    nsecs: 427000000
  frame_id: "map"
pose: 
  position: 
    x: -2.48853614462
    y: 1.06864774627
    z: 0.0
  orientation: 
    x: 0.0
    y: 0.0
    z: 0.0
    w: 1.0, header: 
  seq: 0
  stamp: 
    secs: 1308
    nsecs: 427000000
  frame_id: "map"
pose: 
  position: 
    x: -2.51225440669
    y: 1.07655179913
    z: 0.0
  orientation: 
    x: 0.0
    y: 0.0
    z: 0.0
    w: 1.0, header: 
  seq: 0
  stamp: 
    secs: 1308
    nsecs: 427000000
  frame_id: "map"
pose: 
  position: 
    x: -2.53599708283
    y: 1.08438871331
    z: 0.0
  orientation: 
    x: 0.0
    y: 0.0
    z: 0.0
    w: 1.0, header: 
  seq: 0
  stamp: 
    secs: 1308
    nsecs: 427000000
  frame_id: "map"
pose: 
  position: 
    x: -2.559751966
    y: 1.09217069584
    z: 0.0
  orientation: 
    x: 0.0
    y: 0.0
    z: 0.0
    w: 1.0, header: 
  seq: 0
  stamp: 
    secs: 1308
    nsecs: 427000000
  frame_id: "map"
pose: 
  position: 
    x: -2.58351905619
    y: 1.09992826432
    z: 0.0
  orientation: 
    x: 0.0
    y: 0.0
    z: 0.0
    w: 1.0, header: 
  seq: 0
  stamp: 
    secs: 1308
    nsecs: 427000000
  frame_id: "map"
pose: 
  position: 
    x: -2.60719459366
    y: 1.10795438749
    z: 0.0
  orientation: 
    x: 0.0
    y: 0.0
    z: 0.0
    w: 1.0, header: 
  seq: 0
  stamp: 
    secs: 1308
    nsecs: 427000000
  frame_id: "map"
pose: 
  position: 
    x: -2.63089454518
    y: 1.11592557901
    z: 0.0
  orientation: 
    x: 0.0
    y: 0.0
    z: 0.0
    w: 1.0, header: 
  seq: 0
  stamp: 
    secs: 1308
    nsecs: 427000000
  frame_id: "map"
pose: 
  position: 
    x: -2.65460670374
    y: 1.12384794241
    z: 0.0
  orientation: 
    x: 0.0
    y: 0.0
    z: 0.0
    w: 1.0, header: 
  seq: 0
  stamp: 
    secs: 1308
    nsecs: 427000000
  frame_id: "map"
pose: 
  position: 
    x: -2.67832496581
    y: 1.13173978823
    z: 0.0
  orientation: 
    x: 0.0
    y: 0.0
    z: 0.0
    w: 1.0, header: 
  seq: 0
  stamp: 
    secs: 1308
    nsecs: 427000000
  frame_id: "map"
pose: 
  position: 
    x: -2.70205543491
    y: 1.13960111647
    z: 0.0
  orientation: 
    x: 0.0
    y: 0.0
    z: 0.0
    w: 1.0, header: 
  seq: 0
  stamp: 
    secs: 1308
    nsecs: 427000000
  frame_id: "map"
pose: 
  position: 
    x: -2.72579200753
    y: 1.14745023768
    z: 0.0
  orientation: 
    x: 0.0
    y: 0.0
    z: 0.0
    w: 1.0, header: 
  seq: 0
  stamp: 
    secs: 1308
    nsecs: 427000000
  frame_id: "map"
pose: 
  position: 
    x: -2.74946754499
    y: 1.15547636085
    z: 0.0
  orientation: 
    x: 0.0
    y: 0.0
    z: 0.0
    w: 1.0, header: 
  seq: 0
  stamp: 
    secs: 1308
    nsecs: 427000000
  frame_id: "map"
pose: 
  position: 
    x: -2.77315528949
    y: 1.16347196644
    z: 0.0
  orientation: 
    x: 0.0
    y: 0.0
    z: 0.0
    w: 1.0, header: 
  seq: 0
  stamp: 
    secs: 1308
    nsecs: 427000000
  frame_id: "map"
pose: 
  position: 
    x: -2.79685524101
    y: 1.17143705445
    z: 0.0
  orientation: 
    x: 0.0
    y: 0.0
    z: 0.0
    w: 1.0, header: 
  seq: 0
  stamp: 
    secs: 1308
    nsecs: 427000000
  frame_id: "map"
pose: 
  position: 
    x: -2.82055519254
    y: 1.17938993542
    z: 0.0
  orientation: 
    x: 0.0
    y: 0.0
    z: 0.0
    w: 1.0, header: 
  seq: 0
  stamp: 
    secs: 1308
    nsecs: 427000000
  frame_id: "map"
pose: 
  position: 
    x: -2.84426124758
    y: 1.18731840234
    z: 0.0
  orientation: 
    x: 0.0
    y: 0.0
    z: 0.0
    w: 1.0, header: 
  seq: 0
  stamp: 
    secs: 1308
    nsecs: 427000000
  frame_id: "map"
pose: 
  position: 
    x: -2.86797340614
    y: 1.19524686925
    z: 0.0
  orientation: 
    x: 0.0
    y: 0.0
    z: 0.0
    w: 1.0, header: 
  seq: 0
  stamp: 
    secs: 1308
    nsecs: 427000000
  frame_id: "map"
pose: 
  position: 
    x: -2.89213112134
    y: 1.20168607834
    z: 0.0
  orientation: 
    x: 0.0
    y: 0.0
    z: 0.0
    w: 1.0, header: 
  seq: 0
  stamp: 
    secs: 1308
    nsecs: 427000000
  frame_id: "map"
pose: 
  position: 
    x: -2.91636207873
    y: 1.20783842218
    z: 0.0
  orientation: 
    x: 0.0
    y: 0.0
    z: 0.0
    w: 1.0, header: 
  seq: 0
  stamp: 
    secs: 1308
    nsecs: 427000000
  frame_id: "map"
pose: 
  position: 
    x: -2.94065407128
    y: 1.21375272891
    z: 0.0
  orientation: 
    x: 0.0
    y: 0.0
    z: 0.0
    w: 1.0, header: 
  seq: 0
  stamp: 
    secs: 1308
    nsecs: 427000000
  frame_id: "map"
pose: 
  position: 
    x: -2.96492164977
    y: 1.21974638134
    z: 0.0
  orientation: 
    x: 0.0
    y: 0.0
    z: 0.0
    w: 1.0, header: 
  seq: 0
  stamp: 
    secs: 1308
    nsecs: 427000000
  frame_id: "map"
pose: 
  position: 
    x: -2.98913429661
    y: 1.2259841744
    z: 0.0
  orientation: 
    x: 0.0
    y: 0.0
    z: 0.0
    w: 1.0, header: 
  seq: 0
  stamp: 
    secs: 1308
    nsecs: 427000000
  frame_id: "map"
pose: 
  position: 
    x: -3.01318825205
    y: 1.23278349091
    z: 0.0
  orientation: 
    x: 0.0
    y: 0.0
    z: 0.0
    w: 1.0, header: 
  seq: 0
  stamp: 
    secs: 1308
    nsecs: 427000000
  frame_id: "map"
pose: 
  position: 
    x: -3.03705910201
    y: 1.24021146953
    z: 0.0
  orientation: 
    x: 0.0
    y: 0.0
    z: 0.0
    w: 1.0, header: 
  seq: 0
  stamp: 
    secs: 1308
    nsecs: 427000000
  frame_id: "map"
pose: 
  position: 
    x: -3.06080177815
    y: 1.24804838371
    z: 0.0
  orientation: 
    x: 0.0
    y: 0.0
    z: 0.0
    w: 1.0, header: 
  seq: 0
  stamp: 
    secs: 1308
    nsecs: 427000000
  frame_id: "map"
pose: 
  position: 
    x: -3.08500832148
    y: 1.25430448732
    z: 0.0
  orientation: 
    x: 0.0
    y: 0.0
    z: 0.0
    w: 1.0, header: 
  seq: 0
  stamp: 
    secs: 1308
    nsecs: 427000000
  frame_id: "map"
pose: 
  position: 
    x: -3.10935524567
    y: 1.25997465342
    z: 0.0
  orientation: 
    x: 0.0
    y: 0.0
    z: 0.0
    w: 1.0, header: 
  seq: 0
  stamp: 
    secs: 1308
    nsecs: 427000000
  frame_id: "map"
pose: 
  position: 
    x: -3.1337937226
    y: 1.26524198749
    z: 0.0
  orientation: 
    x: 0.0
    y: 0.0
    z: 0.0
    w: 1.0, header: 
  seq: 0
  stamp: 
    secs: 1308
    nsecs: 427000000
  frame_id: "map"
pose: 
  position: 
    x: -3.15829323468
    y: 1.27020414576
    z: 0.0
  orientation: 
    x: 0.0
    y: 0.0
    z: 0.0
    w: 1.0, header: 
  seq: 0
  stamp: 
    secs: 1308
    nsecs: 427000000
  frame_id: "map"
pose: 
  position: 
    x: -3.18282936786
    y: 1.27500761263
    z: 0.0
  orientation: 
    x: 0.0
    y: 0.0
    z: 0.0
    w: 1.0, header: 
  seq: 0
  stamp: 
    secs: 1308
    nsecs: 427000000
  frame_id: "map"
pose: 
  position: 
    x: -3.20737770807
    y: 1.27973173379
    z: 0.0
  orientation: 
    x: 0.0
    y: 0.0
    z: 0.0
    w: 1.0, header: 
  seq: 0
  stamp: 
    secs: 1308
    nsecs: 427000000
  frame_id: "map"
pose: 
  position: 
    x: -3.23191994476
    y: 1.2845107866
    z: 0.0
  orientation: 
    x: 0.0
    y: 0.0
    z: 0.0
    w: 1.0, header: 
  seq: 0
  stamp: 
    secs: 1308
    nsecs: 427000000
  frame_id: "map"
pose: 
  position: 
    x: -3.25643166388
    y: 1.28943022027
    z: 0.0
  orientation: 
    x: 0.0
    y: 0.0
    z: 0.0
    w: 1.0, header: 
  seq: 0
  stamp: 
    secs: 1308
    nsecs: 427000000
  frame_id: "map"
pose: 
  position: 
    x: -3.28088845135
    y: 1.29461820863
    z: 0.0
  orientation: 
    x: 0.0
    y: 0.0
    z: 0.0
    w: 1.0, header: 
  seq: 0
  stamp: 
    secs: 1308
    nsecs: 427000000
  frame_id: "map"
pose: 
  position: 
    x: -3.30317238723
    y: 1.30594023028
    z: 0.0
  orientation: 
    x: 0.0
    y: 0.0
    z: 0.0
    w: 1.0, header: 
  seq: 0
  stamp: 
    secs: 1308
    nsecs: 427000000
  frame_id: "map"
pose: 
  position: 
    x: -3.32612770984
    y: 1.31584623629
    z: 0.0
  orientation: 
    x: 0.0
    y: 0.0
    z: 0.0
    w: 1.0, header: 
  seq: 0
  stamp: 
    secs: 1308
    nsecs: 427000000
  frame_id: "map"
pose: 
  position: 
    x: -3.34952858909
    y: 1.32464140243
    z: 0.0
  orientation: 
    x: 0.0
    y: 0.0
    z: 0.0
    w: 1.0, header: 
  seq: 0
  stamp: 
    secs: 1308
    nsecs: 427000000
  frame_id: "map"
pose: 
  position: 
    x: -3.37299660702
    y: 1.33326567014
    z: 0.0
  orientation: 
    x: 0.0
    y: 0.0
    z: 0.0
    w: 1.0, header: 
  seq: 0
  stamp: 
    secs: 1308
    nsecs: 427000000
  frame_id: "map"
pose: 
  position: 
    x: -3.39653176362
    y: 1.34169462534
    z: 0.0
  orientation: 
    x: 0.0
    y: 0.0
    z: 0.0
    w: 1.0, header: 
  seq: 0
  stamp: 
    secs: 1308
    nsecs: 427000000
  frame_id: "map"
pose: 
  position: 
    x: -3.41868142215
    y: 1.35328520169
    z: 0.0
  orientation: 
    x: 0.0
    y: 0.0
    z: 0.0
    w: 1.0, header: 
  seq: 0
  stamp: 
    secs: 1308
    nsecs: 427000000
  frame_id: "map"
pose: 
  position: 
    x: -3.44120339515
    y: 1.36414335615
    z: 0.0
  orientation: 
    x: 0.0
    y: 0.0
    z: 0.0
    w: 1.0, header: 
  seq: 0
  stamp: 
    secs: 1308
    nsecs: 427000000
  frame_id: "map"
pose: 
  position: 
    x: -3.46393288767
    y: 1.37454374693
    z: 0.0
  orientation: 
    x: 0.0
    y: 0.0
    z: 0.0
    w: 1.0, header: 
  seq: 0
  stamp: 
    secs: 1308
    nsecs: 427000000
  frame_id: "map"
pose: 
  position: 
    x: -3.48683327864
    y: 1.38458403028
    z: 0.0
  orientation: 
    x: 0.0
    y: 0.0
    z: 0.0
    w: 1.0, header: 
  seq: 0
  stamp: 
    secs: 1308
    nsecs: 427000000
  frame_id: "map"
pose: 
  position: 
    x: -3.50990456804
    y: 1.39420927456
    z: 0.0
  orientation: 
    x: 0.0
    y: 0.0
    z: 0.0
    w: 1.0, header: 
  seq: 0
  stamp: 
    secs: 1308
    nsecs: 427000000
  frame_id: "map"
pose: 
  position: 
    x: -3.53405617973
    y: 1.40066679419
    z: 0.0
  orientation: 
    x: 0.0
    y: 0.0
    z: 0.0
    w: 1.0, header: 
  seq: 0
  stamp: 
    secs: 1308
    nsecs: 427000000
  frame_id: "map"
pose: 
  position: 
    x: -3.55829934416
    y: 1.40676420639
    z: 0.0
  orientation: 
    x: 0.0
    y: 0.0
    z: 0.0
    w: 1.0, header: 
  seq: 0
  stamp: 
    secs: 1308
    nsecs: 427000000
  frame_id: "map"
pose: 
  position: 
    x: -3.58260964725
    y: 1.41259916742
    z: 0.0
  orientation: 
    x: 0.0
    y: 0.0
    z: 0.0
    w: 1.0, header: 
  seq: 0
  stamp: 
    secs: 1308
    nsecs: 427000000
  frame_id: "map"
pose: 
  position: 
    x: -3.60696877848
    y: 1.41820829836
    z: 0.0
  orientation: 
    x: 0.0
    y: 0.0
    z: 0.0
    w: 1.0, header: 
  seq: 0
  stamp: 
    secs: 1308
    nsecs: 427000000
  frame_id: "map"
pose: 
  position: 
    x: -3.63137063431
    y: 1.42364653086
    z: 0.0
  orientation: 
    x: 0.0
    y: 0.0
    z: 0.0
    w: 1.0, header: 
  seq: 0
  stamp: 
    secs: 1308
    nsecs: 427000000
  frame_id: "map"
pose: 
  position: 
    x: -3.65580300772
    y: 1.42893827899
    z: 0.0
  orientation: 
    x: 0.0
    y: 0.0
    z: 0.0
    w: 1.0, header: 
  seq: 0
  stamp: 
    secs: 1308
    nsecs: 427000000
  frame_id: "map"
pose: 
  position: 
    x: -3.68025979519
    y: 1.43412626735
    z: 0.0
  orientation: 
    x: 0.0
    y: 0.0
    z: 0.0
    w: 1.0, header: 
  seq: 0
  stamp: 
    secs: 1308
    nsecs: 427000000
  frame_id: "map"
pose: 
  position: 
    x: -3.70473489321
    y: 1.43922880648
    z: 0.0
  orientation: 
    x: 0.0
    y: 0.0
    z: 0.0
    w: 1.0, header: 
  seq: 0
  stamp: 
    secs: 1308
    nsecs: 427000000
  frame_id: "map"
pose: 
  position: 
    x: -3.72922219827
    y: 1.44427031047
    z: 0.0
  orientation: 
    x: 0.0
    y: 0.0
    z: 0.0
    w: 1.0, header: 
  seq: 0
  stamp: 
    secs: 1308
    nsecs: 427000000
  frame_id: "map"
pose: 
  position: 
    x: -3.75372171035
    y: 1.44925688281
    z: 0.0
  orientation: 
    x: 0.0
    y: 0.0
    z: 0.0
    w: 1.0, header: 
  seq: 0
  stamp: 
    secs: 1308
    nsecs: 427000000
  frame_id: "map"
pose: 
  position: 
    x: -3.77838601736
    y: 1.4533340313
    z: 0.0
  orientation: 
    x: 0.0
    y: 0.0
    z: 0.0
    w: 1.0, header: 
  seq: 0
  stamp: 
    secs: 1308
    nsecs: 427000000
  frame_id: "map"
pose: 
  position: 
    x: -3.80308694546
    y: 1.45719145324
    z: 0.0
  orientation: 
    x: 0.0
    y: 0.0
    z: 0.0
    w: 1.0, header: 
  seq: 0
  stamp: 
    secs: 1308
    nsecs: 427000000
  frame_id: "map"
pose: 
  position: 
    x: -3.82781228763
    y: 1.46089018376
    z: 0.0
  orientation: 
    x: 0.0
    y: 0.0
    z: 0.0
    w: 1.0, header: 
  seq: 0
  stamp: 
    secs: 1308
    nsecs: 427000000
  frame_id: "map"
pose: 
  position: 
    x: -3.85255594034
    y: 1.46445463694
    z: 0.0
  orientation: 
    x: 0.0
    y: 0.0
    z: 0.0
    w: 1.0, header: 
  seq: 0
  stamp: 
    secs: 1308
    nsecs: 427000000
  frame_id: "map"
pose: 
  position: 
    x: -3.87731180008
    y: 1.46793974441
    z: 0.0
  orientation: 
    x: 0.0
    y: 0.0
    z: 0.0
    w: 1.0, header: 
  seq: 0
  stamp: 
    secs: 1308
    nsecs: 427000000
  frame_id: "map"
pose: 
  position: 
    x: -3.90207376334
    y: 1.47136381673
    z: 0.0
  orientation: 
    x: 0.0
    y: 0.0
    z: 0.0
    w: 1.0, header: 
  seq: 0
  stamp: 
    secs: 1308
    nsecs: 427000000
  frame_id: "map"
pose: 
  position: 
    x: -3.92684793363
    y: 1.47471464686
    z: 0.0
  orientation: 
    x: 0.0
    y: 0.0
    z: 0.0
    w: 1.0, header: 
  seq: 0
  stamp: 
    secs: 1308
    nsecs: 427000000
  frame_id: "map"
pose: 
  position: 
    x: -3.95163431096
    y: 1.47801054534
    z: 0.0
  orientation: 
    x: 0.0
    y: 0.0
    z: 0.0
    w: 1.0, header: 
  seq: 0
  stamp: 
    secs: 1308
    nsecs: 427000000
  frame_id: "map"
pose: 
  position: 
    x: -3.97640848125
    y: 1.48133085789
    z: 0.0
  orientation: 
    x: 0.0
    y: 0.0
    z: 0.0
    w: 1.0, header: 
  seq: 0
  stamp: 
    secs: 1308
    nsecs: 427000000
  frame_id: "map"
pose: 
  position: 
    x: -4.00118265154
    y: 1.48470610208
    z: 0.0
  orientation: 
    x: 0.0
    y: 0.0
    z: 0.0
    w: 1.0, header: 
  seq: 0
  stamp: 
    secs: 1308
    nsecs: 427000000
  frame_id: "map"
pose: 
  position: 
    x: -4.02593240777
    y: 1.48820341659
    z: 0.0
  orientation: 
    x: 0.0
    y: 0.0
    z: 0.0
    w: 1.0, header: 
  seq: 0
  stamp: 
    secs: 1308
    nsecs: 427000000
  frame_id: "map"
pose: 
  position: 
    x: -4.05066385345
    y: 1.49187162953
    z: 0.0
  orientation: 
    x: 0.0
    y: 0.0
    z: 0.0
    w: 1.0, header: 
  seq: 0
  stamp: 
    secs: 1308
    nsecs: 427000000
  frame_id: "map"
pose: 
  position: 
    x: -4.07535867803
    y: 1.49578398311
    z: 0.0
  orientation: 
    x: 0.0
    y: 0.0
    z: 0.0
    w: 1.0, header: 
  seq: 0
  stamp: 
    secs: 1308
    nsecs: 427000000
  frame_id: "map"
pose: 
  position: 
    x: -4.09999857098
    y: 1.50000151247
    z: 0.0
  orientation: 
    x: 0.0
    y: 0.0
    z: 0.0
    w: 1.0, header: 
  seq: 0
  stamp: 
    secs: 1308
    nsecs: 427000000
  frame_id: "map"
pose: 
  position: 
    x: -4.14999857172
    y: 1.55000151321
    z: 0.0
  orientation: 
    x: 0.0
    y: 0.0
    z: 0.0
    w: 1.0, header: 
  seq: 0
  stamp: 
    secs: 1308
    nsecs: 427000000
  frame_id: "map"
pose: 
  position: 
    x: -4.12320661545
    y: 1.57977497578
    z: 0.0
  orientation: 
    x: 0.0
    y: 0.0
    z: 0.85324902989
    w: 0.521503684543]"
